,TIER,SYMBOL,PRICE,% CHANGE,$ VOL,SHARE_VOL,TRADES
1,qb,CHKVP,505.00,+1.00,"40,305,500","80,010",5
2,qx,RHHBY,32.91,-0.42,"19,289,244","586,755","1,726"
3,qx,CURLF,11.1138,+0.12,"18,999,273","1,714,906","5,390"
4,qx,GBTC,6.85,+1.48,"18,890,855","2,728,799","3,739"
5,qx,OGRMF,7.15,-6.66,"11,905,953","1,628,362","4,347"
6,qx,FERGY,7.00,+0.36,"6,772,598","965,966",364
7,qx,ACRGF,22.49,-6.78,"6,555,419","284,196","1,337"
8,qx,AXAHY,25.80,+2.91,"6,261,158","247,122",352
9,qx,GTBIF,13.748,-6.01,"5,858,236","416,832","1,516"
10,qb,KSHB,5.00,-3.47,"5,324,806","1,067,572","2,328"
11,qx,HRVSF,8.29,-5.26,"5,062,251","617,306","1,894"
12,qx,PUBGY,14.93,+1.24,"4,872,652","324,488",135
13,qx,CSVI,36.00,+1.55,"4,695,766","131,677",63
14,qx,CWBHF,18.5254,-4.24,"4,100,980","218,681","1,377"
15,qb,KBLB,0.235,+23.68,"4,087,612","18,536,441","1,777"
16,qb,CVSI,5.14,-0.96,"4,064,873","798,121","1,183"
17,qb,FNMA,2.48,+0.81,"4,021,876","1,647,698","1,093"
18,qx,CRLBF,12.55,-3.54,"4,011,539","315,396","1,168"
19,qx,JBSAY,9.85,-2.27,"3,851,025","389,129","1,283"
20,qb,FNMFN,18.85,-0.53,"3,640,510","192,994",48
21,qb,FMCKJ,11.00,+0.18,"3,593,952","326,887",102
22,qx,MRNTF,2.291183,-9.80,"3,540,835","1,545,418",1
23,qx,DANOY,15.91,-0.81,"3,446,886","215,770",493
24,qx,MMNFF,2.6758,-2.70,"3,424,275","1,273,005","1,447"
25,qb,FMCKO,9.05,+0.56,"3,057,945","338,106",9
26,qx,ADDYY,127.80,+0.29,"3,054,902","23,927",421
27,qx,IMBBY,30.84,-1.72,"2,965,754","96,331",534
28,qb,VGWCF,3.14,-2.18,"2,778,817","877,617","1,618"
29,qb,SVVTF,1.64487,-16.74,"2,768,697","1,669,430","1,966"
30,qx,EXPGY,28.74,-0.55,"2,768,205","96,326",243
31,qx,BASFY,20.11,-0.40,"2,736,898","136,178",397
32,qx,ITHUF,4.6541,-2.02,"2,713,060","587,309","1,232"
33,qb,FNMAS,11.14,-0.27,"2,616,655","234,600",360
34,qb,SMLR,40.74,-4.14,"2,328,632","57,272",177
35,qx,TGODF,3.14782,-4.32,"2,281,939","719,903","1,071"
36,qx,ORHOF,9.29,-1.95,"2,247,747","243,921",843
37,qx,ELLXF,2.93,-4.50,"2,131,594","718,342",688
38,qx,BNPQY,26.83,+1.25,"2,033,024","75,745",338
39,qx,REPYY,16.50,-1.96,"1,928,237","116,568",291
40,qb,GGBXF,3.66,-0.72,"1,893,055","513,855","1,103"
41,qx,AVMXY,5.09,+6.26,"1,780,906","354,317",316
42,qx,IFNNY,23.36,+0.04,"1,652,550","70,539",306
43,qb,KPAY,0.751,+44.81,"1,484,522","2,196,099",773
44,qb,MRMD,3.045,-3.94,"1,447,850","476,341",653
45,qx,NGLOY,12.73,-1.32,"1,391,865","109,563",304
46,qx,DTEGY,16.80,+0.50,"1,363,279","81,231",277
47,qb,FNMAT,10.13,-1.07,"1,247,830","123,199",79
48,qb,FMCC,2.37,-0.63,"1,222,012","521,336",405
49,qx,ADRNY,23.75,-0.59,"1,213,854","50,987",173
50,qx,ZURVY,31.625,-0.53,"1,193,035","37,765",179
51,qx,GBOOY,30.14,-2.46,"1,173,284","38,350",208
52,qx,ISBA,22.79,+2.20,"1,171,102","52,610",17
53,qx,KCLI,34.69,-0.03,"1,110,813","31,974",88
54,qx,JSAIY,11.68,-2.66,"988,715","84,824",122
55,qx,WMMVY,29.41,+0.51,"968,775","32,927",170
56,qx,KGFHY,6.79,-1.88,"887,346","131,181",139
57,qx,AKZOY,27.78,-1.35,"879,866","31,671",150
58,qx,EMHTF,2.71,-4.68,"864,983","320,314",785
59,qx,IMPUY,3.95,-0.25,"862,625","218,951",111
60,qb,FRLI,2.38,+1.28,"828,436","343,174",440
61,qx,ALEAF,1.04,-2.80,"820,984","806,776",846
62,qx,RDSMY,27.94,-1.20,"798,916","28,534",199
63,qb,SRUTF,0.575084,-7.99,"796,272","1,364,827",662
64,qb,KHRNF,2.47368,-2.76,"792,582","321,512",401
65,qx,MDCL,3.15,-3.37,"743,043","239,590",361
66,qb,SHMP,0.187,+0.54,"704,439","3,900,958",380
67,qb,JSDA,0.86235,+0.86,"684,551","739,899",504
68,qx,TRTC,0.79,-4.24,"679,649","857,134",465
69,qb,FNMAJ,9.86,-0.40,"648,227","65,523",44
70,qx,MEDIF,4.02,-0.50,"635,432","154,249",434
71,qb,GOPH,0.1799,-23.12,"575,508","2,974,426",530
72,qx,BDRBF,1.6453,-4.90,"554,943","335,458",266
73,qx,HEINY,53.83,+0.17,"549,191","10,199",120
74,qx,MJARF,1.47,+2.08,"514,034","360,548",635
75,qb,PLNHF,2.38,-1.91,"510,436","209,980",329
76,qx,SPRWF,1.43,-1.38,"500,414","348,709",444
77,qx,FRHC,9.19,+0.55,"476,400","52,023",77
78,qx,LHSIF,0.5895,-1.27,"471,953","802,894",436
79,qb,DYMEF,1.92,-8.21,"471,176","235,940",250
80,qx,IVPAF,2.5215,+6.84,"468,815","192,118",258
81,qb,PLPRF,3.6215,+5.89,"455,797","132,058",178
82,qx,IVPAF,2.5215,+6.84,"468,815","192,118",258
83,qb,PLPRF,3.6215,+5.89,"455,797","132,058",178
84,qx,IVPAF,2.5215,+6.84,"468,815","192,118",258
85,qb,PLPRF,3.6215,+5.89,"455,797","132,058",178
86,qx,EDVMF,14.27474,+3.40,"424,499","29,859",36
87,qb,IWSY,1.30,-12.75,"411,248","303,256",179
88,qx,KNTNF,0.9538,-8.64,"408,965","417,363",151
89,qx,CNXXF,1.3861,-2.57,"368,829","272,326",236
90,qb,CLSK,2.05,-2.84,"360,127","175,075",152
91,qb,IRNC,0.0156,+29.14,"353,802","24,934,722",613
92,qx,CBWTF,0.62,-2.16,"348,604","557,001",358
93,qx,WPTIF,13.82,+0.07,"311,392","22,505",52
94,qb,FLOOF,2.23,-4.70,"308,950","139,890",141
95,qb,RFTA,22.00,-2.27,"300,326","13,598",42
96,qb,SNNVF,3.18,-2.37,"291,861","92,190",179
97,qb,SOLCF,1.67,-11.42,"286,463","167,667",205
98,qb,NXTTF,0.56,0.00,"283,616","500,024",369
99,qx,TGRF,11.82,-0.34,"283,174","23,918",12
100,qb,CADMF,1.53,-1.71,"277,786","179,799",238
101,qb,VEND,0.68,+9.68,"277,679","438,643",165
102,qx,BNCC,29.20,+6.26,"260,582","9,019",19
103,qb,LBUY,0.97,-3.96,"254,410","261,494",183
104,qb,MPMQ,32.00,0.00,"249,600","7,800",6
105,qx,ETCG,14.00,-1.06,"245,834","17,280",95
106,qx,MAKSY,7.22,-3.86,"237,905","32,869",74
107,qx,VVCIF,0.587,-5.32,"229,659","387,495",162
108,qx,LMCNF,1.086,+0.42,"228,916","215,160",112
109,qb,NWBO,0.303,+2.16,"227,515","757,726",152
110,qb,FMCKN,9.00,-0.55,"225,892","25,100",28
111,qx,TRSSF,6.032,-2.08,"224,899","37,293",135
112,qx,HINKF,107.01,-1.78,"223,727","2,062",7
113,qx,RGSE,0.072,-11.76,"220,302","2,844,144",287
114,qb,LQMT,0.124,-0.80,"219,800","1,794,220",88
115,qb,FNRN,11.90,+0.68,"219,115","18,480",7
116,qb,CYDY,0.405,-3.57,"216,108","531,589",137
117,qb,BYOC,0.0097,-29.20,"212,097","20,558,587",349
118,qx,WDDMF,1.31,-2.96,"211,847","163,336",159
119,qx,UPMKY,28.38,+1.94,"206,831","7,307",53
120,qx,RVRA,14.70,-1.93,"206,049","14,037",16
121,qb,CBDS,2.03,-5.58,"200,872","97,084",161
122,qx,DLAKY,24.01,-0.41,"198,826","8,281",45
123,qb,FNMAH,9.24,-0.11,"196,385","21,400",21
124,qx,CIBEY,4.21,-2.09,"193,954","45,753",32
125,qb,ATGN,1.16,-6.45,"192,071","165,535",30
126,qb,TURV,0.511,+5.36,"191,471","376,671",165
127,qx,HVBTF,0.346,-1.70,"189,437","542,813",143
128,qx,AGEEF,0.545,-0.91,"187,600","344,527",114
129,qb,GTBDF,1.73,-7.24,"183,955","104,550",75
130,qb,ARTH,0.3675,-4.67,"181,830","475,850",63
131,qb,BTTR,5.00,-10.71,"180,423","36,480",18
132,qx,CBLLF,3.05,-3.79,"179,765","59,263",72
133,qx,RDDTF,0.7149,-1.47,"175,311","249,476",107
134,qb,OZSC,0.24,+29.73,"174,962","806,361",103
135,qb,WSLFF,0.59,-9.23,"165,055","273,050",173
136,qb,BBRRF,0.515,-6.74,"164,637","315,695",122
137,qx,NHYDY,4.28,-2.51,"157,534","37,428",137
138,qx,RNKLF,0.306,-4.67,"157,302","510,617",76
139,qb,GTBP,0.41,+8.75,"152,613","378,783",99
140,qb,EMBI,0.66,-1.49,"151,066","213,811",117
141,qx,PTOTF,1.61,-1.47,"147,558","93,779",169
142,qx,CALB,19.25,+0.05,"146,050","7,600",2
143,qx,AKBTY,1.92,-4.95,"139,550","71,609",113
144,qb,AXIM,1.20,0.00,"133,793","114,617",112
145,qb,AUSAF,0.7318,-4.74,"130,832","176,913",117
146,qb,AUIAF,2.5284,-14.86,"129,795","51,872",104
147,qb,CURR,3.30,+5.43,"127,750","40,633",56
148,qx,LGORF,1.2727,+2.64,"126,959","101,678",109
149,qx,LXRP,1.0104,-0.94,"126,812","126,029",86
150,qx,GRWG,2.65,-3.28,"126,397","48,131",93
151,qb,KNWN,1.60,-12.57,"126,321","70,818",46
152,qb,SEDO,2.70,-1.82,"123,760","45,842",46
153,qb,FMCCM,16.70,0.00,"122,890","7,360",18
154,qb,XCUR,2.97,+7.61,"122,723","43,237",75
155,qx,FSNUY,14.18,-0.67,"121,775","8,527",32
156,qx,ATUSF,9.42,-0.84,"121,562","12,872",65
157,qx,IEHC,17.99,-3.02,"120,559","6,795",16
158,qx,CANN,1.60,-1.42,"118,642","73,497",162
159,qx,WAYN,20.70,-0.24,"117,743","5,722",17
160,qb,CHOOF,0.3921,-4.37,"116,136","288,218",157
161,qx,AWCMY,6.1395,-1.45,"113,888","18,536",48
162,qx,CNNEF,3.01,0.00,"113,072","37,450",10
163,qx,IVITF,0.5103,-0.12,"111,210","225,505",114
164,qb,INND,0.094,+1.08,"109,700","1,277,597",119
165,qb,GXXM,0.0012,+50.00,"109,344","110,523,378",233
166,qx,MGPHF,0.20,-11.19,"109,289","528,155",52
167,qx,HRST,17.015,+13.43,"103,702","6,388",33
168,qx,NASB,41.00,0.00,"100,860","2,460",2
169,qb,ISOLF,0.7963,-6.54,"100,732","124,279",123
170,qx,LDSYF,0.429,-0.23,"100,422","236,223",82
171,qb,PVDG,0.00895,-13.94,"99,424","10,883,250",118
172,qx,CBKC,0.2755,-3.33,"97,775","338,821",64
173,qb,NGTF,0.6548,+2.31,"97,658","149,287",68
174,qb,MGTI,0.0705,+0.71,"95,318","1,361,284",123
175,qb,FNMAM,17.8001,0.00,"94,669","5,311",14
176,qb,TBPMF,0.4937,-1.52,"93,548","185,594",51
177,qb,BRTX,0.544408,-1.02,"93,043","173,615",89
178,qb,PKTX,0.12,+20.00,"90,900","748,636",101
179,qb,WCVC,0.087,+16.00,"90,490","1,039,303",116
180,qb,FFRMF,0.116,-7.20,"89,644","756,276",147
181,qb,CRRVF,0.1839,-6.79,"85,945","486,476",133
182,qb,HITIF,0.274,-8.81,"85,216","294,819",78
183,qb,FMBL,"8,240.00",0.00,"82,447",10,6
184,qx,FMCB,770.00,+1.28,"77,000",100,1
185,qx,BDRAF,1.8301,+3.98,"76,881","44,072",39
186,qb,HSTRF,0.325,-5.80,"76,403","235,721",75
187,qb,SING,0.0127,-2.50,"75,553","6,041,966",112
188,qx,NXGWF,0.3807,+9.52,"74,463","197,416",96
189,qx,SGSVF,0.75944,-0.07,"74,170","98,752",78
190,qb,VIBI,0.0012,+9.09,"73,736","67,623,018",135
191,qb,BUDZ,0.82,-2.38,"73,590","88,115",141
192,qx,NLST,0.385,+1.32,"73,332","195,926",94
193,qb,CANB,0.056,-3.28,"72,471","1,305,443",106
194,qb,GSPE,0.0685,+4.58,"71,049","1,051,832",50
195,qb,GBLX,0.155,-4.08,"70,191","445,515",100
196,qx,AHOTF,5.16,-0.10,"69,539","13,454",43
197,qx,TGCDF,2.2685,-3.06,"67,570","30,059",31
198,qb,MYMMF,0.3814,+1.17,"67,048","177,728",89
199,qx,REVB,29.09,+0.31,"66,453","2,300",10
200,qb,GNBT,1.19,+7.21,"66,264","57,683",52
201,qb,ORRP,0.2399,-2.08,"65,461","266,564",55
202,qx,MDRPF,0.508888,-0.81,"65,455","129,344",54
203,qb,MRRCF,0.581,+9.62,"65,447","117,717",94
204,qb,CLSH,0.2994,+5.80,"65,027","222,439",72
205,qb,ASDN,0.42995,+3.63,"64,776","155,034",96
206,qb,BLONF,0.317,-15.47,"64,171","184,046",37
207,qx,ENBP,36.65,+1.24,"63,960","1,755",8
208,qx,GLDLF,0.606,-5.31,"63,704","102,699",39
209,qb,RVVQF,0.470044,-6.03,"63,530","133,608",27
210,qx,TPRFF,2.47,-0.40,"63,148","26,484",50
211,qb,BIVI,0.115,+4.55,"63,065","525,630",42
212,qb,XTEG,5.03,-0.79,"62,660","12,360",24
213,qb,LXXGF,0.4696,-2.17,"62,285","130,568",33
214,qx,TGIFF,0.3351,-4.23,"62,030","183,117",99
215,qb,CHMJF,0.480495,-2.62,"61,666","126,504",85
216,qb,ANVV,4.30,-14.34,"61,337","12,684",29
217,qx,IMLFF,0.32942,-2.39,"61,201","182,629",84
218,qb,LWLG,0.89,-3.26,"61,162","69,352",39
219,qx,NSRPF,1.54,-0.17,"59,414","38,731",46
220,qb,MATN,0.21,+23.53,"58,296","282,745",55
221,qx,MTAFF,0.8199,-0.62,"58,116","71,100",50
222,qb,BRFH,0.50,+2.06,"57,135","119,733",26
223,qx,CBBI,11.97,+0.17,"57,101","4,767",11
224,qx,SKREF,0.35,-2.78,"56,949","169,270",49
225,qx,MAKSF,3.64,-2.33,"56,933","15,572",6
226,qb,MRIC,3.10,+1.64,"56,201","18,214",27
227,qb,MCOA,0.0117,-2.50,"56,121","4,775,035",206
228,qb,MJNE,0.6899,+3.27,"54,767","81,020",46
229,qb,NIDB,37.00,0.00,"54,649","1,477",1
230,qb,PFLC,11.30,+1.62,"54,220","4,800",2
231,qb,SURG,0.75,-5.66,"54,089","70,228",42
232,qb,WIZP,0.67,-15.19,"54,007","77,600",41
233,qx,FETM,20.55,-0.24,"53,421","2,600",10
234,qx,FBAK,247.00,-0.40,"53,157",215,5
235,qb,FSDDF,0.182,-4.21,"51,933","281,009",62
236,qb,BTCSD,0.6355,-4.19,"51,214","80,292",73
237,qb,SRNA,0.05,-6.54,"51,147","994,397",74
238,qx,IRRZF,0.456005,-7.32,"51,132","111,200",19
239,qb,FMCCN,16.90,+1.20,"50,700","3,000",2
240,qx,SMID,8.65,+0.23,"50,147","5,785",26
241,qx,GRRB,16.50,+3.06,"49,995","3,030",2
242,qx,NDVAF,0.3654,-6.09,"49,740","134,998",26
243,qx,TKGBY,1.3575,-0.91,"49,232","36,298",46
244,qb,MCIG,0.079,-0.63,"48,709","648,078",160
245,qb,FMCCK,17.30,-1.09,"46,127","2,671",5
246,qb,SNPW,0.0036,-10.00,"46,114","13,249,834",57
247,qx,SOTK,2.40,+0.42,"45,710","20,600",15
248,qx,IGXT,0.540245,+2.89,"44,993","83,157",34
249,qb,NSFDF,0.38,+29.69,"44,983","115,195",14
250,qx,FFMGF,0.1995,-1.48,"44,873","213,545",43
251,qx,HRVOF,0.6288,-0.19,"44,772","71,353",67
252,qx,OYIEF,7.44,-0.80,"44,722","6,083",9
253,qb,CNAB,0.35,+1.45,"44,534","129,693",80
254,qx,FSUGY,10.05,-2.24,"44,515","4,428",29
255,qb,RLMD,1.75,-3.85,"43,866","24,933",31
256,qx,ARREF,0.60,-1.02,"43,058","71,100",30
257,qb,CHKDG,56.00,+7.69,"42,442",760,5
258,qx,OTCM,35.46,-1.36,"42,319","1,187",15
259,qx,PGPEF,60.2607,0.00,"42,002",697,1
260,qb,FNMFM,17.50,0.00,"42,000","2,400",2
261,qb,QTMM,0.0483,-2.42,"41,820","841,501",45
262,qx,TATYY,40.27,+0.11,"41,184","1,017",13
263,qx,RHHVF,262.26,-0.55,"40,913",156,4
264,qb,FMCKL,9.30,+0.54,"40,769","4,400",17
265,qx,STXS,2.045,+2.25,"40,084","20,110",29
266,qx,PRFMF,0.67,-4.55,"39,685","57,138",30
267,qb,GMBL,0.423,-6.00,"39,230","76,487",17
268,qb,PBNK,12.15,+0.41,"38,863","3,212",7
269,qb,GGTTF,0.48,-1.76,"38,396","79,017",37
270,qb,EGHIF,1.06991,-8.24,"38,384","35,976",37
271,qx,VRNDF,1.1207,-2.55,"38,116","34,170",13
272,qb,FNMAK,17.85,+2.59,"37,504","2,109",6
273,qb,NEXCF,0.5673,+1.30,"37,437","66,807",54
274,qb,AITB,4.79,+4.13,"37,396","7,850",50
275,qb,ETST,0.4999,-13.81,"37,374","75,486",33
276,qb,RMHBD,0.075,+15.38,"37,297","534,707",104
277,qb,KRKNF,0.5022,-2.96,"37,059","73,101",41
278,qb,ENDV,0.0103,-7.21,"36,890","3,379,921",132
279,qb,PMCB,0.03975,-1.61,"36,760","923,920",55
280,qb,TPCS,1.03,0.00,"36,742","36,131",38
281,qx,KGFHF,3.352,-2.56,"36,571","10,890",4
282,qb,BAYK,8.00,0.00,"35,983","4,500",14
283,qb,TWOH,0.0599,+3.28,"34,824","650,282",73
284,qb,OPXS,2.02,+1.51,"34,635","17,428",19
285,qb,VATE,0.029,+0.69,"33,898","1,200,729",64
286,qx,TREVF,0.249,-4.23,"33,814","136,000",30
287,qb,GHHC,0.0047,-6.00,"33,804","7,589,621",65
288,qb,KALTF,0.0335,-1.47,"33,525","933,000",21
289,qb,HLAN,82.60,+0.12,"33,015",400,2
290,qx,JWCAF,0.70,-2.37,"32,824","46,753",21
291,qx,KROTY,2.425,-2.22,"32,698","13,409",21
292,qx,FVANF,0.3463,-7.65,"32,648","89,891",35
293,qb,GLDFF,0.094585,-3.48,"32,452","354,508",49
294,qb,INTV,0.08575,-9.69,"32,273","362,211",22
295,qb,RVSDF,0.109,-10.01,"31,922","292,105",16
296,qb,TOFB,2.02,+6.88,"31,241","15,400",41
297,qx,PHVAF,0.53,-4.49,"31,172","59,080",32
298,qb,HLIX,2.03,-3.79,"30,926","15,006",39
299,qb,SCIA,3.20,0.00,"30,830","9,662",13
300,qb,OSSIF,0.6261,+0.64,"30,800","50,100",12
301,qx,JSNSF,2.936,+1.24,"30,673","10,508",8
302,qb,CNBX,0.32,-0.50,"30,617","94,085",58
303,qx,CGOOF,1.9792,-1.52,"30,161","15,250",32
304,qb,WINR,1.60,+0.63,"30,103","18,887",23
305,qb,PVOTF,0.3385,+0.06,"30,076","90,969",24
306,qb,SNWV,0.18,0.00,"30,025","168,650",29
307,qb,BTCY,0.81,-1.82,"29,657","37,077",25
308,qb,YNVYF,0.2725,-1.70,"29,477","107,125",18
309,qx,FABK,25.00,0.00,"29,455","1,179",8
310,qb,CELZ,0.0078,-7.14,"28,922","3,781,170",39
311,qb,SFOR,0.0047,0.00,"28,534","6,382,063",76
312,qx,FCUUF,0.3958,-1.73,"28,335","72,473",31
313,qb,TNTY,0.081,+22.73,"28,253","425,572",45
314,qx,HGTXU,0.51,-3.77,"28,226","53,949",29
315,qb,SDEV,0.15,+1.28,"28,164","201,100",8
316,qb,PLDGP,65.00,+1.09,"27,935",429,3
317,qb,FRLF,0.19,-0.09,"27,893","148,428",30
318,qx,GXOCF,0.6432,+7.47,"27,882","44,513",19
319,qx,PKKW,11.10,+0.91,"27,772","2,510",8
320,qb,RFTT,17.52,-1.30,"27,331","1,560",5
321,qb,QBIO,1.76,+3.53,"27,248","15,547",28
322,qx,HKHHY,50.74,-1.80,"27,141",534,11
323,qb,ASCK,0.0069,-1.43,"27,096","3,764,083",26
324,qb,SPLIF,0.17,+0.41,"27,057","161,862",52
325,qx,MGDPF,0.586,-3.59,"26,654","44,700",32
326,qb,IGNG,0.0999,-4.77,"25,538","246,220",46
327,qx,ARESF,7.81,+0.77,"25,525","3,266",13
328,qx,HKHHF,100.15,-0.60,"25,171",251,4
329,qx,DYLLF,0.267,-1.11,"25,171","94,342",15
330,qx,TNYBF,0.522,-7.28,"25,141","46,789",28
331,qx,ACDVF,23.9985,-1.63,"25,121","1,035",6
332,qb,AERO,1.665,+7.42,"25,072","14,697",71
333,qb,BNET,0.7649,+9.27,"24,743","34,575",17
334,qb,GNAL,0.235,-7.11,"24,640","100,190",22
335,qb,EYCCF,0.07108,+0.11,"24,588","339,406",44
336,qb,ARHH,1.12506,-16.66,"24,267","21,700",26
337,qb,VKIN,0.165,-8.33,"24,177","128,675",13
338,qx,IMBBF,30.25,-2.26,"24,106",793,3
339,qb,ACAN,1.28,+1.51,"24,101","18,546",40
340,qx,DBCP,7.27,-1.76,"23,991","3,300",1
341,qb,RXMD,0.058,-2.99,"23,730","408,896",36
342,qb,ELTP,0.091,+0.55,"23,599","263,940",25
343,qx,AMAZ,0.233,+4.72,"23,471","120,132",31
344,qb,MSRT,0.064,+1.59,"23,105","377,234",64
345,qb,VFRM,0.84,-4.55,"22,981","27,292",29
346,qx,ADDDF,260.00,0.00,"22,932",90,4
347,qb,NWGI,0.365,+5.80,"22,443","61,632",12
348,qb,LIACF,0.19916,+1.99,"22,136","114,806",63
349,qb,SAYFF,0.239,+2.09,"22,024","96,406",37
350,qb,VLTC,0.845,0.00,"21,924","25,943",6
351,qx,LZRFY,9.05,+1.69,"21,411","2,358",16
352,qb,SRMC,3.23,0.00,"21,331","6,587",5
353,qb,BOSQF,0.456,-2.18,"21,212","45,590",61
354,qb,FMCKI,9.15,-0.54,"21,165","2,300",4
355,qx,PGHEF,0.45,-1.81,"21,143","46,628",27
356,qb,CPKF,26.38,+0.08,"21,104",800,2
357,qb,BFGC,0.159,-0.62,"20,861","145,000",22
358,qx,BRGGF,0.33,+0.09,"20,857","65,502",19
359,qb,OWCP,0.0199,-1.00,"20,728","1,067,145",54
360,qx,ECSIF,0.247,-1.20,"20,662","84,716",34
361,qx,CNAF,21.75,0.00,"20,646",948,3
362,qb,OPXXW,0.65,0.00,"20,540","31,600",9
363,qx,AVLIF,0.3385,-5.97,"20,375","57,950",27
364,qx,BLEVF,0.07245,-5.91,"20,339","288,845",39
365,qb,TLTFF,0.344,-1.15,"20,288","59,214",14
366,qb,FMCCP,17.61,-0.79,"20,252","1,150",3
367,qx,ZEST,0.65,-1.52,"20,102","28,908",11
368,qb,IPATF,0.5696,-3.38,"20,045","35,125",28
369,qb,OHGI,0.045675,+13.90,"20,003","426,525",82
370,qb,GLNNF,0.1126,+3.53,"19,932","184,385",47
371,qb,REEMF,0.095,-13.71,"19,662","196,206",17
372,qb,AMMJ,0.398,-0.50,"19,504","49,253",52
373,qx,CXDO,3.40,-2.86,"19,355","5,587",16
374,qb,SGMD,0.0389,+3.73,"19,348","498,186",52
375,qb,PLYZ,0.1848,+2.67,"19,348","107,325",9
376,qb,NVDEF,0.21,-1.03,"19,199","91,100",20
377,qb,WKULF,0.069,-8.00,"19,090","279,938",40
378,qb,GVXXF,0.12962,-5.18,"18,778","142,532",19
379,qb,INFT,9.00,-1.10,"18,473","2,050",2
380,qb,ROYL,0.2407,-14.04,"18,184","69,021",29
381,qb,NVOS,1.43,-1.38,"18,131","13,000",24
382,qb,MOBQ,0.1398,-2.22,"18,033","131,911",37
383,qb,WFCF,1.95,-2.01,"18,031","9,143",10
384,qb,FNMAO,18.00,+2.51,"18,000","1,000",3
385,qb,NUVR,19.00,+1.28,"17,966",945,4
386,qb,JGLDF,0.180305,+6.12,"17,937","105,000",8
387,qb,AERG,0.379,+2.43,"17,832","47,157",28
388,qb,PPCB,0.0082,-3.53,"17,714","2,131,573",55
389,qx,FTSSF,0.1217,+1.42,"17,667","148,189",25
390,qx,NMKEF,0.2281,-8.02,"17,532","75,643",32
391,qb,MLYFF,0.0385,-1.53,"17,389","448,992",23
392,qb,DPWW,0.0335,-16.25,"17,292","509,301",39
393,qb,FMCKP,17.20,-0.58,"17,200","1,000",2
394,qb,GPHOF,0.2476,+12.55,"17,068","74,227",15
395,qb,SOCGP,28.35,-0.18,"17,022",600,4
396,qb,GCAN,0.123,-0.81,"16,977","140,928",36
397,qb,SVBL,0.08355,+1.89,"16,847","196,499",21
398,qx,NIOBF,0.414,+2.48,"16,769","41,171",23
399,qb,HLYK,0.21,0.00,"16,725","79,480",22
400,qb,ZIVO,0.11,-4.35,"16,127","147,142",22
401,qb,EVLLF,0.73133,-0.50,"16,060","21,860",14
402,qx,EXMGF,0.69,-0.19,"16,018","23,500",15
403,qb,LSYN,2.50,+3.61,"15,967","6,680",9
404,qb,IPCIF,0.1881,-6.35,"15,910","84,430",26
405,qb,NRGMD,0.1227,-18.20,"15,886","115,581",34
406,qx,STLHF,0.6331,+0.65,"15,827","24,971",20
407,qb,BBSRF,0.7485,-3.95,"15,807","21,054",9
408,qx,MMRGF,0.282,-0.20,"15,776","56,350",7
409,qb,ARFXF,0.18779,-0.64,"15,729","78,785",21
410,qb,KERMF,0.1171,-2.42,"15,583","136,053",33
411,qx,KISB,31.15,+0.16,"15,575",500,1
412,qb,IPIX,0.156,-2.19,"15,561","100,904",22
413,qb,ICNAF,0.24,+0.13,"15,509","64,710",18
414,qx,NTTHF,0.59068,+11.45,"15,449","26,985",22
415,qx,RYFL,15.36,-0.07,"15,382","1,000",5
416,qb,ABCE,0.0143,+2.14,"15,313","1,117,789",33
417,qx,WSTRF,0.9453,+5.03,"15,262","16,705",19
418,qx,CTEQF,0.22,-5.17,"15,143","67,500",11
419,qb,VPLM,0.0225,-11.76,"15,109","619,221",27
420,qx,GDRZF,2.60,0.00,"15,065","5,800",3
421,qb,TAUG,0.09,+14.07,"14,782","191,502",32
422,qb,RVLGF,0.37,-9.20,"14,704","38,800",11
423,qb,ICNB,1.66,-5.82,"14,652","8,680",17
424,qx,PSBQ,23.50,+1.08,"14,576",622,3
425,qb,NRGOF,0.0828,-12.57,"14,561","165,790",15
426,qb,EGTYF,0.1096,-6.32,"14,536","130,649",25
427,qb,IONI,0.22,-6.38,"14,515","66,219",21
428,qb,TAKOF,0.934,-6.60,"14,486","15,764",12
429,qb,LEMIF,0.0834,+3.60,"14,447","170,000",11
430,qb,FMCCI,17.00,-0.58,"14,399",845,5
431,qx,TRLFF,0.33,+1.54,"14,369","43,880",44
432,qb,PRVCF,0.0428,-11.57,"14,328","297,237",27
433,qb,FMCCT,17.76,-1.93,"14,283",800,5
434,qx,ACNNF,0.255774,+0.03,"14,140","54,450",17
435,qx,WMLLF,0.3008,-0.92,"14,043","47,500",19
436,qx,PBAM,23.40,-0.43,"14,040",600,1
437,qx,RBYCF,0.63,-10.00,"13,897","21,380",15
438,qb,CWGL,7.335,+0.07,"13,820","1,884",20
439,qb,NJMC,0.14,-3.45,"13,674","97,407",22
440,qb,GAXY,1.99,-0.50,"13,615","7,050",13
441,qb,FIOGF,0.1999,+4.49,"13,483","67,578",38
442,qx,REPR,1.62,+0.62,"13,381","8,500",9
443,qb,CCTC,0.08,0.00,"13,363","164,455",24
444,qb,RASFO,0.95,+5.56,"13,300","14,000",1
445,qx,PRPCF,0.16108,-5.02,"13,240","80,011",23
446,qb,GARWF,0.191,-4.50,"13,178","68,302",14
447,qb,SYHBF,0.26,-0.38,"13,013","50,530",5
448,qx,GZPFY,26.99,-1.68,"13,012",479,5
449,qb,PNTV,0.0224,-0.44,"12,689","562,571",41
450,qb,BUKS,0.40,0.00,"12,620","31,612",7
451,qx,SYATF,0.326,-0.12,"12,618","37,500",12
452,qx,SLSDF,0.0679,-0.15,"12,618","220,250",11
453,qx,CFGMF,0.535,-6.71,"12,605","23,000",2
454,qb,NLBS,0.2156,-2.00,"12,593","60,973",26
455,qb,DCTH,0.1398,-0.07,"12,203","90,077",39
456,qb,DLYT,0.0043,+30.30,"12,000","3,074,500",46
457,qx,CCGGY,11.13,-0.47,"11,937","1,055",2
458,qb,CIIX,0.47,-0.53,"11,831","24,981",30
459,qb,HMMR,0.485,-5.83,"11,670","24,513",18
460,qb,IVFH,0.58,+5.45,"11,627","21,006",10
461,qb,FTMDF,0.0791,+8.36,"11,530","157,000",10
462,qb,CNNXF,0.14,-7.22,"11,373","78,282",43
463,qx,CCGGY,11.13,-0.47,"11,937","1,055",2
464,qb,CIIX,0.47,-0.53,"11,831","24,981",30
465,qb,HMMR,0.485,-5.83,"11,670","24,513",18
466,qb,IVFH,0.58,+5.45,"11,627","21,006",10
467,qb,FTMDF,0.0791,+8.36,"11,530","157,000",10
468,qb,CNNXF,0.14,-7.22,"11,373","78,282",43
469,qx,CCGGY,11.13,-0.47,"11,937","1,055",2
470,qb,CIIX,0.47,-0.53,"11,831","24,981",30
471,qb,HMMR,0.485,-5.83,"11,670","24,513",18
472,qb,IVFH,0.58,+5.45,"11,627","21,006",10
473,qb,FTMDF,0.0791,+8.36,"11,530","157,000",10
474,qb,CNNXF,0.14,-7.22,"11,373","78,282",43
475,qx,CCGGY,11.13,-0.47,"11,937","1,055",2
476,qb,CIIX,0.47,-0.53,"11,831","24,981",30
477,qb,HMMR,0.485,-5.83,"11,670","24,513",18
478,qb,IVFH,0.58,+5.45,"11,627","21,006",10
479,qb,FTMDF,0.0791,+8.36,"11,530","157,000",10
480,qb,CNNXF,0.14,-7.22,"11,373","78,282",43
481,qb,CBDY,0.135,-9.09,"11,331","79,700",11
482,qb,ALPE,0.27,-10.00,"11,264","39,075",13
483,qb,DIGP,0.16,-12.09,"11,047","67,293",27
484,qb,STMH,1.80,-1.64,"11,029","6,169",13
485,qb,EWLL,0.105675,+3.60,"11,024","109,627",17
486,qx,EQFN,11.50,-4.17,"11,006",957,1
487,qb,VQSLF,0.0946,+24.15,"10,769","114,000",9
488,qx,SOLVY,11.97,-2.13,"10,726",896,6
489,qx,NXOPF,0.38245,-10.48,"10,715","27,826",17
490,qx,POETF,0.261,-1.10,"10,593","40,500",42
491,qx,AXAHF,25.47,-2.49,"10,537",417,4
492,qb,POWW,2.61,-2.61,"10,537","4,034",12
493,qx,OSTBP,15.00,0.00,"10,516",701,8
494,qx,MVLY,14.955,-0.30,"10,469",700,1
495,qb,WARM,0.0385,-3.75,"10,448","276,902",13
496,qb,QMCI,0.17,0.00,"10,418","63,300",7
497,qb,INVU,0.03,+3.81,"10,379","361,766",15
498,qb,SNRG,0.31,+24.50,"10,372","35,184",22
499,qx,VSQTF,0.229,+3.62,"10,352","45,705",20
500,qb,BABB,0.7601,-6.15,"10,140","12,700",5
501,qb,KAYS,0.07,-3.85,"10,134","145,162",21
502,qb,RGDCF,0.0461,-9.61,"10,001","219,000",8
503,qb,BEAG,0.85,0.00,"9,968","11,667",14
504,qx,HUTMF,1.0882,-1.07,"9,896","9,000",8
505,qb,CGNSF,0.28,-1.58,"9,869","35,370",14
506,qb,CCWOF,0.243,-15.30,"9,732","38,205",6
507,qb,ABNAF,0.1692,-3.31,"9,556","55,500",12
508,qx,CGLDF,0.2099,-0.51,"9,422","47,202",7
509,qb,MGXMF,0.19324,-7.12,"9,319","49,857",28
510,qx,PMHG,20.99,0.00,"9,295",445,3
511,qx,ADVZF,0.672,+0.59,"9,145","13,500",3
512,qx,ZCOR,2.55,-1.92,"9,118","3,566",6
513,qb,LFER,0.4495,-1.86,"9,033","20,580",14
514,qx,EMPK,12.70,0.00,"8,890",700,3
515,qb,COFE,0.7198,-0.03,"8,859","13,524",18
516,qb,DGLF,7.25,+11.88,"8,846","1,275",11
517,qb,BSRC,0.0215,+2.38,"8,742","421,532",18
518,qb,WELPP,86.70,-0.23,"8,670",100,1
519,qb,QTRRF,0.05,-13.64,"8,634","173,800",16
520,qb,AVMR,2.94,0.00,"8,626","2,934",2
521,qx,HRSTW,1.49,0.00,"8,600","5,783",11
522,qb,WIZD,0.16,0.00,"8,584","55,340",2
523,qx,HARL,23.75,-3.06,"8,550",360,2
524,qb,NBGV,0.470176,-20.79,"8,434","15,923",10
525,qx,WEYL,0.38,+5.56,"8,417","22,020",16
526,qb,LVRLF,0.67,+9.84,"8,381","13,000",7
527,qb,PYRNF,0.5312,+8.34,"8,337","16,000",4
528,qb,GIGA,0.364,+2.25,"8,279","24,085",7
529,qb,PEMIF,0.0595,+10.41,"8,241","140,317",21
530,qx,CFST,24.77,-0.92,"8,176",329,5
531,qb,VRSSF,0.16,+3.23,"8,160","51,000",2
532,qb,AGGHF,0.35,-12.50,"8,150","21,625",15
533,qb,AFTM,0.015,+0.67,"8,135","532,200",19
534,qb,MCLDF,0.28,+0.55,"8,114","28,805",17
535,qb,IVOB,0.3403,-2.77,"8,012","22,800",10
536,qb,ELYGF,0.143,+2.51,"7,969","56,200",17
537,qb,WDDD,0.255,+4.08,"7,968","31,352",8
538,qb,NCPCF,0.0357,-8.90,"7,758","208,075",10
539,qx,CBKM,19.10,+0.68,"7,709",405,5
540,qb,FLURF,0.2841,+5.30,"7,676","27,010",7
541,qb,ARTTF,0.03,-11.76,"7,651","253,042",16
542,qb,SSFT,0.1984,+10.22,"7,635","40,336",20
543,qb,CDXI,0.175,+0.17,"7,550","44,000",3
544,qx,SABK,12.50,+0.64,"7,500",600,2
545,qb,NMTC,3.90,-1.27,"7,475","1,900",7
546,qb,ATBPF,0.2579,-4.30,"7,342","28,300",10
547,qb,NANX,0.625,+13.64,"7,269","12,494",7
548,qb,LRTTF,0.0767,-9.76,"7,250","89,349",14
549,qb,FTMR,1.91,+0.53,"7,242","3,784",5
550,qx,SSPXF,0.12602,-0.54,"7,232","59,801",15
551,qx,CORVF,1.19,-1.65,"7,223","5,974",8
552,qx,IBTN,17.50,+2.94,"7,193",411,1
553,qb,GPHBF,0.05,0.00,"7,158","133,182",18
554,qx,MNTR,0.42,0.00,"7,140","18,337",21
555,qb,PBIO,3.15,0.00,"7,118","2,233",12
556,qb,TVMD,0.069,+10.40,"7,037","103,300",16
557,qx,CHPGF,1.2634,0.00,"7,011","5,549",2
558,qb,FKWL,2.619,+0.73,"6,896","2,782",7
559,qb,PRKR,0.1199,-4.46,"6,804","58,150",16
560,qb,DUOT,0.70,0.00,"6,749","9,573",11
561,qb,CLOK,0.85,-4.81,"6,738","7,697",6
562,qb,LTUM,0.1088,+8.47,"6,628","60,665",15
563,qb,AMHPF,0.54,0.00,"6,542","12,000",11
564,qb,CHHE,1.00,-34.64,"6,515","5,800",14
565,qb,ALXDF,0.03,+7.14,"6,514","226,930",8
566,qx,HLND,6.50,-6.47,"6,500","1,000",1
567,qb,PVCT,0.046,-8.00,"6,443","135,300",18
568,qb,LVCNF,0.20,-8.76,"6,425","31,000",13
569,qb,AQARF,0.14,-2.37,"6,390","48,146",8
570,qb,QPAG,0.0112,0.00,"6,381","563,505",10
571,qb,ANLDF,0.15551,-1.83,"6,340","40,906",4
572,qx,LIHTF,0.1654,-0.85,"6,284","39,287",16
573,qx,MGHCF,0.0745,-6.88,"6,274","77,303",6
574,qx,OMZNF,0.44,-4.35,"6,273","14,100",7
575,qx,CYSM,12.46,-0.32,"6,230",500,1
576,qb,BKUCF,0.1402,+0.14,"6,223","45,095",12
577,qb,HSSHF,0.0218,+9.00,"6,186","266,240",14
578,qb,CAPC,0.1775,+4.11,"6,140","35,117",9
579,qb,ZENO,0.13,+8.33,"6,117","50,182",20
580,qx,NOBH,22.85,+0.22,"5,987",262,2
581,qb,FMCCL,17.00,+0.59,"5,920",350,3
582,qx,SBKK,11.81,-0.42,"5,914",500,5
583,qb,ATRX,0.28,+7.69,"5,912","21,114",8
584,qb,DTGI,0.20,-6.98,"5,878","29,400",9
585,qx,FTPLF,0.82,+2.50,"5,859","7,700",3
586,qx,PMULF,6.44,-0.31,"5,826",900,9
587,qb,GSRX,1.30,+1.56,"5,804","4,400",7
588,qb,FIFG,0.23,+9.52,"5,750","25,000",3
589,qb,ESOA,1.14,-3.39,"5,713","4,983",4
590,qb,PRLX,0.065,-2.26,"5,706","88,554",8
591,qb,BICX,5.15,+7.29,"5,515","1,085",5
592,qx,SIAF,0.1615,+0.03,"5,476","32,720",6
593,qb,BCDA,1.05,-0.94,"5,433","5,091",18
594,qb,AITA,2.09,0.00,"5,386","2,600",7
595,qx,ASDRF,0.344,-14.00,"5,340","15,500",3
596,qb,BLGO,0.17,+1.49,"5,264","31,072",10
597,qx,AXNVF,0.6702,-2.87,"5,235","7,625",12
598,qx,BSFO,26.00,+4.00,"5,200",200,2
599,qb,MRRMF,0.1543,-0.45,"5,194","34,500",5
600,qb,GRYN,0.72,+1.41,"5,166","7,346",9
601,qb,BERK,13.19,+0.69,"5,140",390,3
602,qb,MMTIF,0.0251,-16.05,"5,052","197,999",7
603,qb,USRM,0.0225,+2.27,"5,051","236,012",16
604,qb,WINRW,0.32,0.00,"5,022","14,600",5
605,qb,DTRM,0.176,+3.53,"4,996","29,870",9
606,qb,CTGO,24.50,+21.89,"4,968",207,4
607,qx,ANXGF,0.254,-1.97,"4,958","19,500",5
608,qb,WLDFF,0.52,-3.45,"4,932","9,337",9
609,qb,FSSN,0.046,-16.21,"4,922","100,950",13
610,qb,SGSI,0.1525,+17.31,"4,885","33,594",15
611,qb,CHKKF,0.2885,+3.04,"4,875","17,000",12
612,qb,RVIV,0.75,-6.25,"4,875","6,500",1
613,qb,AURX,0.19,0.00,"4,717","24,300",2
614,qb,NHEL,0.175,+9.38,"4,702","28,542",12
615,qx,ISENF,0.345103,-7.08,"4,687","13,100",5
616,qb,CYDVF,0.173,+1.76,"4,668","27,236",9
617,qx,THCBF,0.2051,+5.18,"4,657","23,529",31
618,qb,STLY,0.4825,-3.50,"4,654","9,697",3
619,qb,NTTCF,0.6551,-0.76,"4,622","7,000",8
620,qx,FLSS,3.00,0.00,"4,546","1,562",4
621,qb,IOTC,0.44,+1.24,"4,525","10,169",11
622,qb,CCUR,3.30,0.00,"4,524","1,371",4
623,qx,MGWFF,0.115,0.00,"4,485","38,977",23
624,qb,MFMLF,0.0873,+24.71,"4,470","53,154",7
625,qx,ZFSVF,315.45,-1.08,"4,416",14,1
626,qb,AFOM,0.022,+16.71,"4,400","231,300",14
627,qx,ASMIY,67.03,0.00,"4,349",65,6
628,qb,DRNE,1.14,+1.33,"4,329","3,855",10
629,qx,LOMLF,0.5152,-2.02,"4,280","8,382",10
630,qb,PGEZF,0.095,+10.47,"4,249","96,500",5
631,qb,CLWD,0.017,-17.48,"4,218","306,634",19
632,qx,AXDDF,0.245,+0.62,"4,114","16,372",13
633,qb,UNIR,1.00,-7.41,"4,108","4,108",3
634,qb,INNV,3.12,+1.96,"4,098","1,316",6
635,qb,RASFP,1.09,-5.22,"4,083","3,980",10
636,qx,OLNCF,0.74,-1.32,"4,080","5,500",6
637,qx,LYBC,40.50,-3.57,"4,050",100,1
638,qb,MFON,0.80,-5.88,"3,993","4,991",2
639,qb,ADGO,0.391,+0.26,"3,964","10,120",4
640,qb,SRAFF,0.065,-7.14,"3,945","58,080",6
641,qb,LXGTD,0.2968,+7.46,"3,933","13,846",28
642,qx,GUKYF,3.26,-3.83,"3,842","1,200",3
643,qx,TOMZ,0.141,+8.46,"3,808","27,049",4
644,qb,CBTOF,0.2121,-6.61,"3,767","17,100",12
645,qb,MGMLF,0.06313,-2.88,"3,758","60,005",7
646,qb,DTRC,0.0458,+52.67,"3,754","80,100",7
647,qb,UGHL,0.5026,+62.13,"3,749","8,308",7
648,qb,GTXO,0.015,-11.76,"3,738","256,029",18
649,qb,MKRS,0.30,+1.69,"3,734","12,875",6
650,qb,TIGCF,0.2599,-1.92,"3,652","14,300",6
651,qb,EXROF,0.218,-3.11,"3,645","16,361",8
652,qb,TKOI,0.15,-1.80,"3,589","23,634",6
653,qx,CMTV,16.75,+0.06,"3,570",213,3
654,qx,MHGU,17.75,-1.39,"3,535",200,2
655,qx,MLRKF,0.061,-4.69,"3,521","57,700",5
656,qb,BSTG,2.20,-12.00,"3,505","1,531",4
657,qx,MTENY,0.28,-4.76,"3,500","12,500",4
658,qb,CECBF,0.08469,-2.88,"3,488","41,575",16
659,qx,ESYJY,15.11,-0.98,"3,487",233,5
660,qb,MCVT,0.5801,-17.13,"3,481","6,000",5
661,qb,DMGGF,0.125,+4.17,"3,475","28,583",4
662,qb,EEVVF,0.3018,-2.65,"3,461","11,145",12
663,qb,XTGRF,0.264,-2.22,"3,445","13,000",2
664,qx,OPSSF,0.6928,-1.03,"3,395","4,857",5
665,qb,TOKIF,0.1111,-9.87,"3,388","29,750",6
666,qb,FMCCS,16.75,-1.47,"3,350",200,1
667,qb,FREJO,17.00,+4.62,"3,350",200,2
668,qb,PURE,0.435,+1.16,"3,325","7,718",13
669,qb,UNIB,8.30,0.00,"3,320",400,1
670,qb,BMNM,1.68,+0.30,"3,317","2,005",12
671,qb,GLXZ,1.61,-5.29,"3,300","2,030",6
672,qb,LEAI,0.20,+11.11,"3,288","16,600",4
673,qb,BTHCF,0.1913,-3.95,"3,272","16,575",10
674,qb,MDVX,0.50,-1.96,"3,267","6,665",4
675,qx,MXCYY,9.20,+0.44,"3,256",355,3
676,qb,BSPK,0.058,+5.45,"3,221","55,829",11
677,qb,CTDT,0.155,-3.12,"3,157","19,285",4
678,qb,JETMF,0.3288,+1.81,"3,153","9,653",10
679,qx,TDGMW,24.26,-5.27,"3,136",133,2
680,qx,EFSI,31.35,+0.05,"3,135",100,1
681,qb,EACO,16.60,-0.60,"3,134",191,3
682,qb,INQD,0.0234,-18.32,"3,089","119,354",20
683,qx,ALRS,19.20,0.00,"3,072",160,2
684,qx,TRNLY,3.07,-10.76,"3,070","1,000",1
685,qb,CYIG,0.60,+6.95,"3,050","5,000",3
686,qx,GPVRF,0.39025,+4.99,"3,014","7,400",4
687,qb,GATGF,0.265,+5.49,"2,989","11,348",2
688,qx,FACO,1.20,0.00,"2,985","2,500",4
689,qx,BALMF,0.08,0.00,"2,975","37,625",22
690,qb,MMMM,0.18,-7.69,"2,971","18,800",6
691,qb,FNMAI,9.90,0.00,"2,970",300,1
692,qx,TRBMF,0.2968,-2.73,"2,968","10,000",1
693,qb,GMVP,0.0235,-21.67,"2,959","106,405",9
694,qb,NRXCF,0.0685,+28.52,"2,888","45,937",4
695,qx,BONXF,1.24,-1.13,"2,881","2,330",6
696,qx,GPDNF,79.58,0.00,"2,865",36,1
697,qb,STKXF,0.094,-6.47,"2,852","28,700",3
698,qx,CVALF,3.7968,-0.08,"2,848",750,2
699,qx,BHWB,28.40,+0.82,"2,840",100,1
700,qb,MWXRF,0.0754,+2.59,"2,821","37,009",11
701,qb,AHGIF,0.3179,+8.50,"2,602","8,215",10
702,qb,MHTX,0.015,-9.09,"2,557","166,000",8
703,qb,BIOIF,0.3886,-2.84,"2,507","6,470",13
704,qb,BIEI,0.035,+2.94,"2,502","92,671",10
705,qb,RSLS,0.096,-4.00,"2,483","25,081",22
706,qx,PFSCF,0.036,-7.69,"2,474","68,440",6
707,qb,FMCCH,17.60,+0.57,"2,460",140,2
708,qb,FLUX,1.60,+33.33,"2,441","1,996",7
709,qb,AZZUF,0.171,+5.56,"2,427","14,500",7
710,qb,SYSX,0.0191,0.00,"2,407","126,093",15
711,qb,RYPPF,0.0491,-1.80,"2,406","49,000",5
712,qb,PLUUF,0.40,-2.42,"2,346","5,854",2
713,qb,QSEP,0.265,-3.64,"2,344","8,968",6
714,qx,AUXXF,0.10256,-3.61,"2,289","23,225",11
715,qx,EMYB,15.61,+0.97,"2,281",146,2
716,qb,MYMX,0.038,-13.64,"2,260","53,200",5
717,qb,LEAT,2.25,+2.09,"2,250","1,000",2
718,qb,BRKCF,0.375107,+0.03,"2,250","6,050",5
719,qb,STWC,1.20,+11.11,"2,179","1,900",3
720,qb,NSRCF,0.07931,-0.74,"2,163","30,100",3
721,qb,NSPDF,0.0836,+4.50,"2,140","26,000",4
722,qb,PCRCF,0.171233,-6.89,"2,128","11,705",9
723,qx,PFBX,11.9625,+2.24,"2,093",175,2
724,qb,HDRSF,0.04,+3.63,"2,087","51,052",8
725,qb,BTHE,0.023,-34.29,"2,073","89,420",7
726,qb,ACBM,4.90,+4.48,"2,057",425,6
727,qb,TMRC,0.203,-6.45,"2,035","10,001",5
728,qb,FNGR,6.21,-2.97,"1,996",319,3
729,qb,MYHI,0.019,+6.15,"1,977","106,850",20
730,qb,CCGN,3.47,+7.10,"1,966",600,6
731,qb,RYES,0.057296,-6.38,"1,950","34,000",8
732,qx,GQMNF,0.01775,-5.84,"1,917","94,570",19
733,qx,NNXPF,0.95,-1.10,"1,912","2,050",3
734,qb,NEPH,0.60,-1.64,"1,912","3,180",4
735,qb,RSSV,0.236,+24.21,"1,909","9,100",6
736,qx,BNPQF,53.92,0.00,"1,887",35,1
737,qx,LMGDF,0.43,+2.07,"1,882","4,410",7
738,qb,FUAPF,0.055672,+0.67,"1,881","34,420",15
739,qb,RYMDF,0.147,-2.84,"1,876","12,700",6
740,qx,CPTRF,1.06,-5.12,"1,858","1,717",11
741,qb,UWEFF,0.11,+4.07,"1,833","17,100",5
742,qx,CTABF,0.5918,+6.82,"1,817","3,060",4
743,qx,MACIF,1.90,-3.45,"1,812",950,4
744,qx,ISCO,1.1205,-8.16,"1,809","1,595",11
745,qb,OMTK,0.071,+1.43,"1,794","24,340",7
746,qb,DFMTF,0.118,-3.75,"1,792","15,000",3
747,qb,GTMAY,1.79,+1.70,"1,790","1,000",2
748,qx,VTYB,8.5095,+0.11,"1,701",200,2
749,qx,CHBH,52.53,0.00,"1,681",32,1
750,qb,TPTW,0.065,-18.75,"1,630","20,444",7
751,qx,YZCAY,10.705,+0.94,"1,627",152,3
752,qb,FNHI,0.11,0.00,"1,600","14,637",4
753,qx,IDTY,0.14,-5.41,"1,597","11,060",4
754,qb,TAPM,0.03712,+1.98,"1,538","41,000",8
755,qb,SGGTF,0.05,-6.19,"1,528","31,000",3
756,qb,FTXP,0.1901,-4.95,"1,525","7,500",3
757,qb,CIIT,3.00,+19.52,"1,515",514,5
758,qb,HGBL,0.76,+7.99,"1,511","2,002",3
759,qx,DTEGF,16.69,0.00,"1,502",90,1
760,qb,NTRR,0.0135,-2.00,"1,479","120,614",10
761,qx,UURAF,0.0931,+3.10,"1,469","16,500",3
762,qx,ROMJF,2.24,-0.78,"1,450",650,5
763,qb,GRMM,0.239,+12.26,"1,434","6,000",2
764,qb,MSLP,0.69,+4.55,"1,428","2,200",5
765,qb,ILAL,4.75,+90.00,"1,415",300,2
766,qx,TFIFF,32.5015,0.00,"1,397",43,2
767,qx,TFECY,0.3178,0.00,"1,388","4,367",2
768,qb,MMMB,0.605,-12.31,"1,382","2,250",2
769,qb,ALGWF,0.04707,+27.22,"1,378","32,384",6
770,qb,JFIL,0.035,+16.67,"1,364","40,318",4
771,qb,GOVXD,1.95,"+24,275.00","1,347",443,6
772,qb,PTOI,0.018,-23.73,"1,322","63,366",7
773,qx,YTROF,0.165,+10.00,"1,320","8,000",2
774,qb,RRIF,5.50,+0.92,"1,309",238,1
775,qx,SRUXY,13.04,-5.85,"1,304",100,1
776,qb,FNMAP,17.85,0.00,"1,303",73,1
777,qb,RNSGF,0.1428,-13.45,"1,285","9,000",3
778,qb,DYFSF,0.2418,-3.28,"1,283","5,300",2
779,qx,MIMZF,0.255,-5.56,"1,273","5,000",2
780,qb,TECR,0.20,0.00,"1,261","6,472",7
781,qb,CLCS,0.63,-3.08,"1,260","2,000",2
782,qb,MKSEF,0.05,0.00,"1,250","25,000",1
783,qx,MDLNF,0.1079,+3.75,"1,246","11,829",6
784,qb,COSM,2.49,+13.18,"1,245",500,3
785,qb,IMEXF,0.06,+1.44,"1,235","22,000",3
786,qb,SICNF,0.0615,-12.14,"1,221","19,000",6
787,qx,NGPHF,0.1106,-4.03,"1,217","11,000",1
788,qb,KUTG,2.00,-6.98,"1,198",592,2
789,qb,QUES,0.42299,-6.00,"1,177","2,800",2
790,qb,AGHC,0.255,+27.50,"1,176","5,775",7
791,qx,PTRUF,0.3247,-6.64,"1,166","3,620",2
792,qb,CDBMF,0.076,-1.55,"1,153","14,500",5
793,qb,HLSPY,0.572,+4.00,"1,122","2,000",2
794,qb,EXDI,0.85,-9.57,"1,120","1,300",3
795,qx,BDCO,1.01,-9.82,"1,119","1,108",2
796,qx,NULGF,0.074296,-3.95,"1,114","15,000",1
797,qx,MNRLF,0.11,+16.65,"1,100","10,000",2
798,qb,AIXN,0.50,0.00,"1,100","2,200",4
799,qb,IVDN,0.065,-18.75,"1,092","14,900",7
800,qx,NTGSF,0.15,+3.81,"1,074","7,700",5
801,qx,FDMQF,0.0429,-6.54,"1,061","25,000",2
802,qb,TKLS,1.09,0.00,"1,055",983,3
803,qx,IFNNF,23.40,0.00,"1,053",45,1
804,qx,GBOOF,5.85,-2.50,"1,053",180,1
805,qx,ISYRF,1.04,+2.67,"1,040","1,000",1
806,qx,MISVF,0.3445,+5.35,"1,024","3,100",2
807,qb,XXMMF,0.3733,+3.98,934,"2,500",2
808,qb,ULNV,4.58,+0.88,916,200,1
809,qb,MPHMF,0.0868,-18.11,915,"10,500",12
810,qx,NTSFF,0.45497,+3.40,910,"2,000",1
811,qb,INIS,0.0593,-5.72,908,"15,100",3
812,qb,NRIS,0.09,-10.00,900,"10,000",1
813,qb,BLGVF,0.0135,-45.56,864,"35,883",4
814,qx,ALMTF,0.76,-0.36,855,"1,102",3
815,qb,LBCMF,0.085,0.00,850,"10,000",1
816,qb,ASNB,0.14,+3.70,811,"6,000",4
817,qb,MEXGF,0.071236,-8.08,802,"10,919",2
818,qb,LIBFF,0.1208,+8.20,799,"7,050",6
819,qb,SRBBF,0.0199,-0.50,796,"40,000",1
820,qb,ILATF,0.139,+4.67,794,"5,714",1
821,qb,ELIO,2.075,+0.24,772,375,3
822,qb,WCUI,0.05,0.00,770,"15,800",3
823,qb,CUEN,2.75,+5.77,754,280,4
824,qb,CIBH,1.50,-1.32,750,500,1
825,qb,VCBD,1.06,+0.95,744,708,10
826,qx,TATYF,10.14,0.00,740,73,1
827,qb,BGAVF,0.074,+5.71,740,"10,000",1
828,qb,MGCLF,0.03,0.00,715,"23,847",2
829,qb,ELRE,3.68,+6.98,709,200,3
830,qx,BVBC,14.70,0.00,691,47,1
831,qb,MTLFF,0.348344,-2.45,686,"2,000",3
832,qb,CVVUF,0.1983,-6.77,664,"3,320",4
833,qb,MMSDF,0.0694,+5.89,664,"10,835",3
834,qb,IGAP,0.17,-26.09,660,"3,000",2
835,qb,PGOL,0.06576,+5.55,658,"10,000",1
836,qb,VXEL,0.13,0.00,650,"5,000",1
837,qb,SSVFF,0.1275,-8.93,638,"5,000",1
838,qb,SMGI,0.40,-11.11,616,"1,300",3
839,qb,WTNW,0.33,+3.12,611,"1,850",4
840,qb,GMER,0.0082,-7.87,602,"78,443",4
841,qb,HPPI,0.0601,-2.12,601,"10,000",1
842,qb,WGMCF,0.03,0.00,600,"20,000",1
843,qb,RGRX,0.19,0.00,598,"3,700",3
844,qb,PEER,3.10,-5.78,590,183,3
845,qb,BEBE,5.90,-1.50,590,100,1
846,qb,FOGCF,0.0485,-4.90,590,"12,500",2
847,qb,BLILF,0.1536,+2.40,586,"4,051",8
848,qb,RASFN,1.02,-7.27,573,562,4
849,qx,CLHRF,0.28248,+0.78,565,"2,000",1
850,qb,JKSM,1.11,0.00,555,500,1
851,qb,GGISF,0.055,0.00,550,"10,000",5
852,qb,PETV,0.35,+10.76,549,"1,555",3
853,qb,LFCOF,0.271,-2.94,542,"2,000",1
854,qb,ALPP,0.054,0.00,540,"12,100",2
855,qb,PFHO,5.35,-2.73,535,100,1
856,qb,GWTI,0.05,-3.85,530,"10,606",2
857,qx,ASCJF,4.05,+2.53,506,125,1
858,qb,SENR,0.10,0.00,500,"5,000",1
859,qb,SCOO,6.0955,0.00,488,80,1
860,qb,SYTE,6.00,0.00,480,80,1
861,qb,GLVMF,0.2397,-7.45,479,"2,000",1
862,qb,NEIK,0.0121,-1.22,479,"40,000",2
863,qb,VRSCF,0.02,-1.48,470,"25,000",3
864,qb,DTST,0.138,-5.15,466,"3,245",6
865,qb,GLAE,0.2522,-36.95,463,"1,620",5
866,qb,MDFZF,0.015,-25.00,449,"28,840",5
867,qb,WNDM,0.04495,-10.10,443,"9,300",7
868,qb,REPCF,0.261,+7.32,430,"1,643",3
869,qx,TIXC,0.4299,+0.21,430,"1,000",1
870,qx,ENZN,0.2395,+4.13,428,"1,800",3
871,qb,GLYXF,0.122,0.00,427,"3,500",1
872,qb,NXEN,0.0888,0.00,427,"5,300",2
873,qb,CRCUF,0.041,-2.38,424,"10,300",4
874,qb,ANFC,0.037,-5.13,409,"11,045",2
875,qb,NSUPF,0.134,-23.82,402,"3,000",1
876,qb,OVTZ,0.0761,-1.81,401,"5,145",8
877,qb,RASF,0.85,0.00,396,525,16
878,qb,APPB,1.23,0.00,392,320,4
879,qb,FNNGF,0.0095,-22.76,381,"40,125",3
880,qb,IINX,1.89,0.00,378,200,2
881,qx,HEOFF,0.6959,+12.06,369,530,2
882,qx,FRSB,11.00,0.00,363,33,2
883,qb,SXNTF,0.03,-33.33,360,"12,000",1
884,qb,PGTK,3.60,0.00,360,100,2
885,qb,TEAR,0.0875,+6.00,358,"4,004",5
886,qb,RHNO,0.985,-10.45,357,362,2
887,qb,SMOFF,0.1265,-6.02,354,"2,800",2
888,qb,PDPTF,0.84,-0.08,351,500,2
889,qb,VRCP,0.0342,-14.50,346,"9,875",5
890,qb,ZLDAF,0.0312,+0.65,343,"11,000",2
891,qb,VTLR,0.1649,0.00,340,"2,133",4
892,qb,FCSMF,0.0299,+24.58,332,"11,357",3
893,qb,SSNYY,0.08575,0.00,320,"3,884",5
894,qb,PWWBF,0.0563,+2.36,318,"5,716",2
895,qb,VCSY,0.011,0.00,307,"28,541",8
896,qb,TLOOF,0.02644,-32.38,306,"11,583",1
897,qx,ALVOF,0.365,-1.35,295,807,2
898,qb,ENRT,0.0182,+32.85,294,"16,568",2
899,qb,FNAM,1.00,+42.86,290,290,5
900,qb,AVLNF,0.03606,-3.84,288,"8,309",5
901,qb,AHELF,0.0568,-0.18,284,"5,000",1
902,qb,TNREF,0.05572,-2.25,275,"5,000",3
903,qx,CFNB,15.25,0.00,275,18,1
904,qb,ADMT,0.1623,-2.17,262,"1,712",3
905,qb,ACUR,0.1849,+0.76,259,"1,414",5
906,qb,NDVN,0.51,0.00,255,500,1
907,qb,KPIFF,0.07355,+5.07,251,"3,300",2
908,qb,DPDW,0.895,0.00,250,282,2
909,qb,GIGL,0.0164,-11.35,249,"15,200",1
910,qb,ANDR,0.0487,-0.41,245,"5,040",3
911,qb,RSSS,2.0268,-9.92,243,120,1
912,qb,HGEN,1.22,+1.67,237,195,2
913,qb,ACLZ,0.063,-9.35,234,"3,180",2
914,qb,VNNYF,0.0885,-1.67,233,"2,535",3
915,qb,AMNL,0.0399,0.00,232,"6,228",5
916,qb,AMCT,0.30,-54.55,227,500,4
917,qx,ZDPY,0.36,-5.26,223,630,5
918,qb,IFRTF,0.06086,+0.10,220,"3,400",4
919,qx,CGTFF,0.1211,-8.60,218,"1,800",4
920,qb,HSCHF,0.05,-5.66,215,"4,300",2
921,qb,RPMT,0.1849,0.00,215,"1,200",4
922,qx,WFTSF,0.107,-7.12,214,"2,000",1
923,qx,WOWMF,0.7444,-3.07,208,280,1
924,qb,NOSUF,0.17,+2.41,205,"1,200",2
925,qb,NORZF,0.084088,-7.29,203,"2,490",2
926,qb,FERL,1.00,-9.09,202,200,2
927,qb,GRTD,0.05,-16.67,199,"4,033",2
928,qb,DXIEF,0.0326,+9.06,199,"6,120",3
929,qx,FLYLF,1.12,+1.37,197,180,2
930,qb,GRTD,0.05,-16.67,199,"4,033",2
931,qb,DXIEF,0.0326,+9.06,199,"6,120",3
932,qx,FLYLF,1.12,+1.37,197,180,2
933,qb,GRTD,0.05,-16.67,199,"4,033",2
934,qb,DXIEF,0.0326,+9.06,199,"6,120",3
935,qx,FLYLF,1.12,+1.37,197,180,2
936,qb,GRTD,0.05,-16.67,199,"4,033",2
937,qb,DXIEF,0.0326,+9.06,199,"6,120",3
938,qx,FLYLF,1.12,+1.37,197,180,2
939,qb,GRTD,0.05,-16.67,199,"4,033",2
940,qb,DXIEF,0.0326,+9.06,199,"6,120",3
941,qx,FLYLF,1.12,+1.37,197,180,2
942,qb,GRTD,0.05,-16.67,199,"4,033",2
943,qb,DXIEF,0.0326,+9.06,199,"6,120",3
944,qx,FLYLF,1.12,+1.37,197,180,2
945,qb,GRTD,0.05,-16.67,199,"4,033",2
946,qb,DXIEF,0.0326,+9.06,199,"6,120",3
947,qx,FLYLF,1.12,+1.37,197,180,2
948,qb,SMME,0.07,-7.65,187,"2,693",5
949,qb,BCTXF,0.066,+2.64,183,"2,748",2
950,qx,ONVC,1.80,0.00,180,100,1
951,qb,CCOB,0.10,+1.59,173,"1,725",4
952,qx,AMPY,6.84,0.00,170,25,5
953,qb,RSASF,0.169,+1.81,169,"1,000",1
954,qx,NUPMF,1.68,+0.75,168,100,1
955,qb,GSPH,0.0166,+3.75,166,"10,000",1
956,qb,ENCR,0.08,-1.23,165,"2,060",3
957,qb,FNNZF,0.107,+18.89,158,"1,600",3
958,qb,CVLB,0.15,0.00,150,"1,000",2
959,qb,WCTXF,0.075,+9.97,149,"2,100",4
960,qx,SGRPW,0.70,0.00,139,199,1
961,qb,ECTX,0.249,+24.50,135,541,1
962,qb,RSSFF,0.0324,-7.16,132,"4,100",4
963,qx,CCNB,7.85,0.00,126,16,6
964,qb,STCC,0.056,-6.67,122,"2,100",2
965,qx,WBBW,24.00,0.00,120,5,1
966,qb,SURJF,0.0247,-11.96,118,"4,750",2
967,qb,RGUS,0.078,+11.43,111,"1,655",2
968,qb,AZASF,0.1095,+2.34,110,"1,000",1
969,qb,RSPI,0.65,-7.28,107,165,1
970,qb,INTZ,4.25,0.00,106,25,1
971,qb,LMRMF,0.0315,-7.35,105,"3,369",4
972,qx,CRECF,0.3394,-0.18,102,300,1
973,qb,RNSFF,0.101,-4.32,101,"1,000",1
974,qb,FALC,0.05,-5.93,101,"2,010",2
975,qb,MAGE,2.00,0.00,100,50,1
