TIER,SYMBOL,PRICE,CHANGE_PERCENT,VOL,SHARE_VOL,TRADES
qx,RHHBY,33.23,+0.97,"46,887,527","1,415,561","1,369"
qx,GBTC,7.325,+6.93,"45,268,895","6,058,170","7,443"
qb,FMCKJ,11.25,+2.27,"12,268,924","843,803",293
qb,FNMAS,11.315,+1.57,"8,654,586","769,755",695
qx,CURLF,10.7564,-3.22,"8,470,204","772,704","2,774"
qx,DTEGY,16.70,-0.60,"7,929,818","474,330",430
qx,RHHVF,265.75,+1.33,"7,167,772","27,002",6
qx,OGRMF,7.2663,+1.63,"5,863,208","799,947","2,080"
qb,CVSI,5.05,-1.75,"5,025,720","997,648","1,368"
qx,FERGY,7.07,+1.00,"4,550,439","643,881",296
qx,JBSAY,10.54,+7.01,"4,297,246","413,603","1,042"
qx,ADDYY,139.56,+9.20,"4,282,247","30,880",657
qx,BASFY,20.65,+2.69,"4,219,186","206,050",570
qb,CHKVP,505.00,0.00,"4,030,000","8,000",2
qx,CRLBF,12.151,-3.18,"3,907,482","315,337","1,038"
qx,BNPQY,27.032,+0.75,"3,681,199","136,219",238
qx,CWBHF,19.66,+6.12,"3,522,237","182,572",928
qx,ACRGF,22.00,-2.18,"3,516,893","158,883","1,002"
qx,DANOY,15.81,-0.63,"3,381,427","214,681",578
qx,REPYY,16.52,+0.12,"3,350,673","202,710",292
qx,ADDDF,277.75,+6.83,"3,341,726","12,192",23
qb,KSHB,4.97,-0.60,"3,128,909","635,935","1,582"
qx,AVMXY,5.35,+5.11,"3,041,953","578,197",333
qb,KBLB,0.2499,+6.34,"2,974,813","12,461,476","1,349"
qx,IMBBY,30.93,+0.29,"2,869,790","92,995",449
qb,VGWCF,3.00,-4.46,"2,646,932","874,816","1,293"
qb,HOFD,40.71,+3.72,"2,545,404","63,175",247
qx,AXAHY,25.81,+0.04,"2,535,489","98,468",323
qx,EXPGY,29.21,+1.64,"2,443,703","83,697",144
qb,GGBXF,3.88,+6.01,"2,411,074","634,370","1,048"
qx,GTBIF,13.7758,+0.20,"2,394,179","171,508",618
qx,HRVSF,8.22,-0.84,"2,342,430","284,426",736
qx,ORHOF,9.16,-1.40,"2,135,385","231,370",638
qx,MMNFF,2.6784,+0.10,"2,049,469","769,216","1,167"
qx,HEINY,54.11,+0.52,"1,956,938","36,224",132
qb,SVVTF,1.643,-0.11,"1,688,983","993,025","1,009"
qx,TGODF,3.24,+2.93,"1,638,706","508,307",877
qb,FNMA,2.46,-0.81,"1,576,329","640,150",560
qx,IFNNY,23.50,+0.60,"1,328,769","56,701",240
qx,ITHUF,4.87,+4.64,"1,293,475","270,357",769
qb,FRLI,2.45,+2.94,"1,282,924","516,660",558
qb,FNMAT,10.25,+1.18,"1,245,624","122,394",232
qx,ELLXF,3.30,+12.63,"1,209,175","369,507",541
qx,NGLOY,13.18,+3.53,"1,144,112","88,574",144
qb,FMCC,2.37,0.00,"1,092,514","462,327",465
qb,NWBO,0.31055,+2.49,"1,062,309","3,424,158",442
qx,ZURVY,31.84,+0.68,"1,018,382","31,978",138
qb,SMLR,45.50,+11.68,"992,651","22,575",117
qx,MEDIF,4.2245,+5.09,"985,796","234,799",345
qx,ADRNY,23.90,+0.63,"970,850","40,613",146
qb,KPAY,0.70,-6.79,"941,986","1,242,760",566
qx,RDSMY,27.784,-0.56,"919,789","33,105",195
qx,ETCG,14.60,+4.29,"776,529","51,649",251
qb,FMBL,"8,100.00",-1.70,"774,965",95,17
qx,EDVMF,14.8612,+4.11,"731,242","49,136",9
qb,JSDA,0.72,-16.51,"660,267","912,668",470
qx,LHSIF,0.5681,-3.63,"657,739","1,149,736",570
qx,EXPGF,29.26,+0.64,"643,445","22,000",2
qx,NHYDY,4.245,-0.82,"621,182","146,813",66
qx,EMHTF,2.66,-1.85,"613,712","229,542",625
qx,CSVI,37.00,+2.78,"606,174","16,306",59
qx,WMMVY,29.585,+0.60,"588,621","19,967",169
qb,HITIF,0.2848,+3.94,"579,222","2,035,195",512
qb,CLSK,2.37,+15.61,"570,625","250,375",339
qb,PLPRF,4.019,+10.98,"564,187","146,028",262
qx,FRHC,9.39,+2.18,"548,263","59,304",87
qb,SHMP,0.1967,+5.19,"537,030","2,747,353",346
qx,TRTC,0.8001,+1.28,"530,332","657,216",512
qb,KHRNF,2.5364,+2.54,"485,286","187,675",245
qx,PUBGY,14.81,-0.80,"459,028","30,977",119
qx,CNXXF,1.42167,+2.57,"431,449","308,211",175
qx,KGFHY,6.85,+0.88,"430,777","62,876",91
qx,IVPAF,2.62986,+4.30,"423,384","161,098",189
qb,MRMD,3.062,+0.56,"416,582","136,287",343
qx,ALEAF,1.0238,-1.56,"403,902","397,329",591
qx,GBOOY,30.29,+0.50,"398,645","13,147",119
qx,AKZOY,28.10,+1.15,"391,413","13,931",110
qx,BDRBF,1.70,+3.32,"382,995","227,496",271
qb,MGTI,0.074,+4.96,"359,451","4,668,560",310
qb,SRUTF,0.57108,-0.70,"341,456","591,830",317
qb,IWSY,1.38,+6.15,"339,715","251,785",88
qb,AITB,5.30,+10.65,"322,813","61,694",143
qx,SPRWF,1.45,+1.40,"318,944","221,729",419
qx,CBWTF,0.62,0.00,"298,673","478,751",371
qx,JSAIY,11.62,-0.51,"288,807","24,881",81
qb,GOPH,0.187,+3.95,"283,693","1,476,930",380
qb,PLNHF,2.3662,-0.58,"282,585","117,949",253
qb,VIBI,0.001,-16.67,"280,526","297,047,158",228
qx,TRSSF,6.039,+0.12,"255,983","42,450",101
qb,NXTTF,0.564,+0.71,"253,872","454,814",361
qb,TURV,0.567,+10.96,"250,469","467,894",180
qb,CADMF,1.48,-3.27,"246,368","163,761",244
qb,CURR,3.60,+9.09,"246,271","71,646",96
qx,GBOOF,5.74,-1.88,"245,955","40,804",2
qb,ARTH,0.345,-6.12,"242,503","685,999",120
qx,ATUSF,9.33,-0.96,"239,899","25,464",119
qx,ACDVF,24.9591,+4.00,"223,803","9,040",25
qx,CBBI,12.25,+2.34,"223,536","18,344",44
qb,IRNC,0.0141,-9.62,"222,787","14,964,625",326
qb,SOLCF,1.7174,+2.84,"218,929","131,698",201
qx,RYFL,15.32,-0.26,"216,460","14,100",10
qx,KNTNF,1.04,+9.04,"213,841","214,930",72
qx,MDCL,3.21,+1.90,"202,933","62,319",149
qx,CANN,1.70,+6.25,"198,334","119,142",232
qx,LMCNF,1.1001,+1.30,"192,272","171,775",72
qx,AGEEF,0.555,+1.83,"191,375","350,404",146
qx,STXS,2.02,-1.22,"189,096","93,371",53
qb,GXXM,0.0009,-25.00,"187,184","180,162,465",271
qb,CYDY,0.401,-0.99,"180,767","444,530",120
qx,MAKSY,7.3206,+1.39,"179,599","24,580",69
qx,CNNEF,3.01049,+0.02,"173,077","57,474",142
qb,KNWN,1.58,-1.25,"172,176","106,894",127
qb,BYOC,0.0113,+16.49,"171,902","16,302,415",222
qx,KCLI,34.30,-1.12,"169,985","4,934",32
qb,FMCKM,9.10,-1.83,"165,074","18,129",47
qx,NSRPF,1.5609,+1.36,"164,441","105,412",85
qx,LGORF,1.28,+0.57,"162,954","127,201",115
qx,DLAKY,23.55,-1.92,"162,738","6,928",44
qb,BTTR,6.00,+20.00,"159,439","31,742",28
qx,HVBTF,0.3825,+10.55,"159,078","415,174",128
qx,MJARF,1.56031,+6.14,"157,300","103,561",211
qb,FLOOF,2.26,+1.35,"156,283","69,186",139
qx,UPMKY,28.405,+0.09,"155,090","5,462",28
qb,FMCKL,9.37,+0.75,"154,544","16,502",10
qb,BTCSD,0.69,+8.58,"152,614","214,300",167
qx,FSUGY,10.33,+2.79,"152,544","14,843",51
qb,SNNVF,3.30,+3.77,"147,727","45,097",93
qb,GTBP,0.39,-4.88,"144,316","371,121",83
qx,AXAHF,25.67,+0.79,"144,183","5,622",10
qb,DYMEF,1.94,+1.04,"142,902","73,559",146
qx,RVRA,14.75,+0.34,"140,533","9,547",18
qx,PKKW,11.25,+1.35,"139,862","12,447",20
qx,GRWG,2.60,-1.89,"138,610","53,436",94
qx,IMPUY,4.09,+3.54,"135,890","33,226",32
qb,AXIM,1.19,-0.83,"135,159","117,895",130
qb,BBRRF,0.52508,+1.96,"130,090","248,514",65
qb,FNMFM,17.90,+2.29,"125,732","7,025",7
qx,TGIFF,0.3463,+3.34,"125,571","371,356",117
qb,CBDS,2.10,+3.45,"121,585","58,834",143
qx,CHBH,53.25,+1.72,"120,316","2,285",13
qb,FMCCM,17.15,+2.69,"120,088","7,100",19
qb,FMCKN,9.00,0.00,"119,692","13,300",15
qx,CIBEY,4.25,+0.95,"116,744","27,150",24
qb,FNMFN,19.20,+1.86,"115,466","6,110",18
qx,WDDMF,1.33,+1.53,"112,757","83,817",116
qb,ASDN,0.42,-2.31,"109,663","257,269",104
qx,UNIF,9.25,0.00,"109,070","11,793",9
qb,VEND,0.725,+6.62,"108,869","156,913",72
qx,LXRP,0.975,-3.50,"107,983","109,831",104
qb,RFTA,21.75,-1.14,"106,697","4,917",22
qb,SRMC,3.23,0.00,"105,425","32,550",5
qx,WPTIF,13.8885,+0.50,"104,008","7,510",49
qx,PTOTF,1.60,-0.62,"102,669","64,711",57
qx,MDRPF,0.517,+1.59,"102,063","199,029",100
qb,OZSC,0.295,+22.92,"101,166","361,400",37
qx,DBCP,7.40,+1.79,"101,000","13,580",4
qb,BUDZ,0.76,-7.32,"100,956","125,204",144
qb,ABML,0.2575,+7.34,"100,944","406,856",62
qb,CANB,0.06,+7.14,"100,686","1,722,239",106
qb,PROBF,0.78,+8.33,"100,375","130,650",24
qb,MRRCF,0.5194,-10.60,"99,416","181,444",120
qb,XCUR,2.875,-3.20,"99,123","33,731",43
qb,NUBK,61.90,0.00,"98,950","1,600",3
qb,PVDG,0.0075,-16.20,"98,721","13,457,603",173
qx,VVCIF,0.60,+2.21,"97,262","165,014",88
qx,WAYN,20.75,+0.24,"96,675","4,669",16
qx,NLST,0.38,-1.30,"96,582","255,402",94
qx,HKHHF,101.15,+1.00,"96,441",953,8
qb,EMBI,0.63,-4.55,"96,312","151,482",94
qx,IVITF,0.51,-0.06,"95,071","188,658",99
qb,WSLFF,0.6085,+3.14,"94,080","159,449",104
qx,LDSYF,0.38,-11.42,"92,826","244,413",76
qx,REPR,1.55,-4.32,"90,708","58,451",34
qb,SNWV,0.1789,-0.61,"89,962","526,927",41
qx,HINKF,107.7816,+0.72,"87,603",813,4
qb,ISOLF,0.8212,+3.13,"86,606","103,125",80
qb,CNAB,0.3406,-2.69,"83,351","245,375",101
qx,MDLNF,0.108,+0.09,"83,235","796,425",37
qx,FFMGF,0.20,+0.25,"82,289","412,746",81
qx,FDVA,10.00,-0.60,"81,812","8,099",5
qb,SNPW,0.0028,-22.22,"81,768","29,451,866",128
qb,MYMMF,0.37,-2.99,"81,326","215,544",114
qb,ATGN,1.20,+3.45,"81,299","69,725",11
qb,CLOK,0.832,-2.12,"78,957","95,029",29
qb,LQMT,0.122,-1.61,"78,548","656,340",71
qb,MCOA,0.0116,-0.85,"77,290","6,658,169",250
qb,MRIC,3.14,+1.29,"74,357","23,855",21
qb,CHMJF,0.479,-0.31,"74,180","153,745",128
qb,QTMM,0.0475,-1.66,"73,294","1,565,622",48
qx,TNYBF,0.5375,+2.97,"72,613","135,339",24
qb,SING,0.0122,-3.94,"72,392","5,927,382",130
qx,IMLFF,0.3325,+0.93,"72,341","217,111",88
qb,GBLX,0.16,+3.23,"71,167","449,074",132
qb,ACAN,1.38,+7.81,"70,228","50,311",108
qb,ELTP,0.089,-2.20,"69,964","794,004",52
qb,AUSAF,0.7629,+4.25,"68,542","88,992",96
qb,IPIX,0.171,+9.62,"68,032","403,294",66
qb,GLDFF,0.085,-10.13,"67,366","758,830",86
qb,SRNA,0.04995,-0.10,"66,983","1,271,184",113
qb,VATE,0.03,+3.45,"66,670","2,289,641",81
qx,PMHG,20.99,0.00,"66,183","3,200",11
qx,NDVAF,0.40022,+9.53,"65,368","166,494",25
qb,ICNB,1.65,-0.60,"65,180","39,551",60
qb,MCIG,0.08,+1.27,"64,838","828,259",164
qb,EVLLF,0.74134,+1.37,"64,247","88,600",18
qx,TKGBY,1.36,+0.18,"63,682","45,954",28
qx,MTAFF,0.837,+2.09,"63,425","76,047",70
qb,SNYR,0.231,+44.37,"62,370","295,765",50
qx,AKBTY,1.95,+1.56,"62,338","31,744",43
qb,FMCKI,9.2096,+0.65,"60,392","6,538",24
qb,PMCB,0.0402,+1.13,"59,668","1,525,645",94
qx,MGPHF,0.1849,-7.55,"59,504","300,395",70
qx,FFMR,41.00,0.00,"59,245","1,445",5
qb,INTZ,4.44,-0.22,"58,923","13,511",30
qb,GSPE,0.0679,-0.88,"57,595","862,203",42
qb,INND,0.0897,-4.57,"57,288","645,503",56
qx,CGLDF,0.20,-4.72,"57,044","279,708",4
qb,LWLG,0.88,-1.12,"57,035","65,366",49
qb,CWGL,7.40,+0.89,"56,995","7,776",36
qb,NGTF,0.6594,+0.70,"56,834","87,482",59
qb,CELZ,0.0072,-7.69,"55,136","7,510,023",70
qb,AERG,0.37,-2.37,"54,930","144,581",43
qb,XTEG,5.04,+0.20,"51,941","10,290",19
qb,CHOOF,0.395,+0.74,"51,524","128,537",103
qb,FMCCS,17.00,+1.49,"50,950","3,009",9
qb,RMHBD,0.076,+1.33,"50,522","649,927",84
qx,PHVAF,0.503,-5.09,"50,412","99,042",62
qx,GLDLF,0.63,+3.96,"50,225","81,927",42
qb,RVVQF,0.5017,+6.73,"49,489","103,019",24
qx,AWCMY,6.345,+3.35,"49,073","7,732",36
qx,BHWB,28.40,0.00,"48,832","1,736",5
qx,WBBW,24.25,+1.04,"48,500","2,000",4
qb,PBNK,13.00,+7.00,"48,027","3,810",26
qb,GOVXD,3.16,+62.05,"48,016","15,604",67
qb,LBUY,0.973,+0.31,"47,930","48,829",105
qb,FMCCH,17.60,0.00,"45,870","2,600",4
qb,FFRMF,0.122,+5.17,"45,797","384,214",91
qb,TOFB,2.10,+3.96,"45,510","20,813",73
qb,VFRM,0.83,-1.19,"45,500","54,156",32
qx,PGHEF,0.4295,-4.56,"45,423","105,120",45
qb,ETST,0.56,+12.02,"45,413","87,743",41
qx,RNKLF,0.31,+1.31,"45,366","144,033",34
qb,NTRB,8.50,-2.75,"45,307","5,340",17
qb,ENDV,0.013,+26.21,"44,871","3,978,363",104
qb,MPMQ,32.00,0.00,"44,800","1,400",2
qb,FSDDF,0.172,-5.49,"44,615","250,241",49
qb,CNBX,0.339,+5.94,"44,518","127,881",77
qb,BTCY,0.80,-1.23,"44,254","56,256",62
qb,TPCS,1.02,-0.97,"44,184","43,300",29
qb,FRLF,0.19,0.00,"43,967","232,293",51
qx,REVB,29.10,+0.03,"43,964","1,511",5
qx,FCUUF,0.4002,+1.11,"43,923","111,211",34
qb,STLY,0.482,-0.10,"42,733","85,480",14
qx,FTSSF,0.1205,-0.99,"42,484","361,690",65
qb,SFOR,0.0049,+4.26,"42,377","8,929,728",81
qb,SEDO,2.80,+3.70,"42,182","15,117",14
qb,WIZP,0.65,-2.99,"42,167","62,723",44
qx,IGXT,0.56,+3.66,"42,116","75,184",31
qb,FMCKO,9.01,-0.44,"41,831","4,600",6
qb,BIVI,0.126,+9.57,"40,990","332,412",40
qx,OTCM,36.98,+4.29,"40,990","1,152",14
qb,JMSB,16.27,+1.50,"40,675","2,500",2
qb,ATBPF,0.2627,+1.86,"40,608","155,720",22
qb,RLMD,1.73,-1.14,"40,085","23,032",55
qx,RDDTF,0.718,+0.43,"39,356","55,759",52
qb,BOSQF,0.46,+0.88,"39,322","84,885",74
qx,FSNUY,14.465,+2.01,"38,761","2,681",34
qb,OPXS,1.97,-2.48,"38,638","19,061",21
qb,PBIO,3.55,+12.70,"38,613","11,321",53
qb,FNMAJ,9.95,+0.91,"38,574","3,889",16
qb,LIACF,0.1882,-5.50,"38,452","201,961",54
qb,KALTF,0.03,-10.45,"38,436","1,281,177",40
qx,RGSE,0.0751,+4.31,"38,328","498,290",157
qb,PEMIF,0.0714,+20.00,"37,747","569,579",53
qx,HRVOF,0.6351,+1.00,"37,591","59,528",43
qx,NIOBF,0.4187,+1.14,"37,468","89,575",35
qb,VPLM,0.0222,-1.33,"36,918","1,753,619",24
qx,VTYB,8.51,+0.01,"36,553","4,300",6
qx,TGRF,11.75,-0.59,"35,360","3,000",8
qb,SNRG,0.34,+9.68,"35,283","96,890",43
qx,AHOTF,5.206543,+0.90,"35,106","6,788",16
qb,HLIX,2.00,-1.48,"34,858","17,199",40
qb,CLSH,0.289,-3.47,"34,813","120,391",67
qb,DUOT,0.70,0.00,"34,774","52,584",18
qx,ZFSVF,319.57,+1.31,"34,357",108,2
qb,FNMAH,9.20,-0.43,"34,039","3,696",17
qb,FMCCI,17.00,0.00,"34,000","2,000",1
qb,FMCCL,17.00,0.00,"33,600","1,979",6
qb,NWGI,0.3885,+6.44,"33,263","86,687",12
qb,GLNNF,0.11196,-0.57,"33,256","301,757",68
qb,GMBL,0.55,+30.02,"33,227","66,264",26
qx,EFSI,34.00,+8.45,"32,920","1,000",3
qb,FNMAN,17.80,+2.01,"32,707","1,854",8
qb,MJNE,0.685,-0.71,"32,584","48,769",36
qb,EYCCF,0.0689,-3.07,"32,476","481,195",78
qb,MSRT,0.060775,-5.04,"32,282","531,831",82
qb,TAUG,0.08,-11.11,"32,192","401,676",50
qx,CGOOF,1.97,-0.46,"32,071","16,000",31
qx,CBLLF,3.0915,+1.36,"31,424","10,269",25
qb,BRFH,0.49,-2.00,"31,095","63,671",20
qx,BNCC,29.35,+0.51,"30,567","1,048",4
qb,EWLL,0.10,-5.37,"30,534","299,973",23
qx,CPTP,15.25,0.00,"29,925","2,021",5
qb,CSHX,59.75,0.00,"29,875",500,2
qb,LSYN,2.32,-7.20,"29,349","11,790",9
qb,SURG,0.8087,+7.83,"29,216","36,706",29
qx,TPRFF,2.35722,-4.57,"28,817","11,909",35
qb,INQD,0.017,-27.35,"28,127","1,559,044",92
qb,GTBDF,1.90,+9.83,"28,121","15,200",27
qx,TGCDF,2.30,+1.39,"28,050","12,110",24
qx,NMKEF,0.24,+5.22,"28,047","117,318",34
qb,BRTX,0.50,-8.16,"27,956","55,511",30
qb,PPCB,0.0091,+10.98,"27,898","3,362,244",63
qb,CIIX,0.48,+2.13,"27,225","55,807",25
qb,MLYFF,0.0375,-2.60,"27,189","700,785",27
qb,NEXCF,0.555,-2.17,"27,117","47,975",56
qb,CHKDG,54.00,-3.57,"27,000",500,3
qx,VSQTF,0.2609,+13.93,"26,553","104,487",27
qb,NLBS,0.235,+9.00,"26,260","115,752",33
qb,QBIO,1.75,-0.57,"26,162","15,111",44
qx,SGSVF,0.77044,+1.45,"26,022","34,148",18
qb,FNGR,6.40,+3.06,"25,890","4,070",13
qb,GNBT,1.185,-0.42,"25,760","21,951",39
qb,QUES,0.425,+0.48,"25,590","69,495",16
qb,GHHC,0.004,-14.89,"25,581","6,279,389",49
qb,ZIVO,0.115,+4.55,"25,528","210,200",18
qx,NXGWF,0.39,+2.44,"25,187","68,387",44
qx,ISBA,22.79,0.00,"25,162","1,110",4
qb,FIOGF,0.1888,-5.55,"24,869","129,500",24
qx,GXOCF,0.66,+2.61,"24,719","38,099",12
qb,TKOI,0.151,+0.67,"24,686","167,016",23
qx,FMBM,30.75,-1.44,"24,661",800,6
qb,IVOB,0.34,-0.09,"24,197","70,570",29
qx,RBYCF,0.6442,+2.25,"24,157","35,804",34
qb,FMCKK,17.20,+0.58,"24,140","1,400",3
qx,POETF,0.277,+6.13,"24,071","88,630",14
qx,FBAK,248.00,+0.40,"23,752",96,4
qb,MMTIF,0.0268,+6.77,"23,548","928,166",15
qb,IONI,0.25,+13.64,"23,424","81,500",21
qb,KAYS,0.0584,-16.57,"23,180","365,919",38
qx,IRRZF,0.475,+4.17,"23,023","48,500",6
qx,AOTVF,0.5233,-8.08,"22,836","43,818",25
qx,SBKK,11.85,+0.34,"22,790","1,926",4
qb,SGMD,0.039,+0.26,"22,574","561,895",56
qb,NRGMD,0.14276,+16.35,"22,391","163,239",46
qb,INTV,0.07895,-7.93,"22,339","262,592",33
qx,TRLFF,0.3225,-2.27,"21,987","67,556",50
qb,ROYL,0.29705,+23.41,"21,538","70,706",22
qb,CPKF,26.40,+0.08,"21,104",800,3
qb,SPLIF,0.1545,-9.12,"20,772","127,455",46
qb,MATN,0.20,-4.76,"20,522","95,780",18
qb,PRKR,0.1049,-12.51,"20,433","188,887",41
qb,QSEP,0.23,-13.21,"20,411","83,511",26
qb,SYHBF,0.274,+5.38,"20,201","77,000",5
qb,GCAN,0.114448,-6.95,"20,173","172,114",28
qb,NMTC,3.94,+1.03,"19,765","5,184",15
qb,ALPE,0.37,+37.04,"19,710","53,600",20
qx,CHPGF,1.25,-2.34,"18,673","14,849",8
qx,THCBF,0.2083,+1.56,"18,626","79,349",40
qx,FRSB,10.47,+2.65,"18,521","1,765",4
qb,CCTC,0.0838,+4.75,"18,432","225,195",16
qb,DSNY,0.3012,-2.84,"18,337","59,062",18
qx,GZPFY,27.45,+1.70,"18,312",669,6
qb,LFER,0.474625,+5.59,"18,311","44,022",28
qb,RSSS,2.22,+9.53,"18,307","8,485",17
qb,AUIAF,2.55,+0.85,"18,305","7,290",14
qx,IMBBF,30.6178,0.00,"18,240",595,4
qb,EGHIF,1.15,+7.49,"18,074","15,620",15
qx,AXDDF,0.246,+0.41,"18,059","72,343",18
qx,LOMLF,0.51,-1.01,"17,779","34,500",10
qx,MNMB,39.50,+6.18,"17,775",450,1
qb,IGNG,0.10,+0.10,"17,724","176,406",27
qx,PGPEF,59.02,+0.20,"17,706",300,1
qb,PNTV,0.0228,+1.79,"17,627","786,093",56
qx,BDRAF,1.7465,-4.57,"17,592","10,073",26
qb,RXMD,0.06,+3.45,"17,584","299,713",27
qx,ALRS,19.24,+0.21,"17,508",910,2
qb,WELPP,87.50,+0.92,"17,450",200,2
qb,NROM,0.49,0.00,"17,443","37,537",9
qb,PVCT,0.0471,+2.39,"17,191","400,285",22
qb,ELIO,2.09,+0.72,"17,184","8,262",14
qx,CPTRF,1.072,+1.13,"17,124","16,417",24
qb,WFCF,1.93,-1.03,"17,094","8,775",14
qb,PKTX,0.12555,+4.62,"17,081","146,794",41
qb,MGXMF,0.20,+3.50,"17,066","86,361",26
qb,HSTRF,0.3403,+4.71,"16,839","50,793",34
qx,KROTY,2.46,+1.44,"16,507","6,796",13
qb,WCVC,0.086368,-0.73,"16,488","199,323",42
qb,OWCP,0.01968,-1.11,"16,300","845,171",49
qb,EXROF,0.21967,+0.77,"16,282","74,408",26
qx,CBAF,55.35,+0.07,"16,278",294,2
qb,OPXXW,0.65,0.00,"16,250","25,000",2
qx,STLHF,0.6371,+0.63,"15,988","24,928",28
qb,LVRLF,0.7015,+4.70,"15,866","23,696",16
qb,OSSIF,0.6159,-1.63,"15,760","25,900",8
qx,ZEST,0.65,0.00,"15,690","23,729",16
qx,CFGMF,0.5264,-1.61,"15,650","29,425",20
qx,GDRZF,2.60,0.00,"15,535","6,206",8
qb,DCTH,0.136576,-2.31,"15,507","117,822",40
qb,AMMJ,0.40,+0.50,"15,472","40,445",53
qx,KTYB,24.40,-0.20,"15,382",630,5
qb,PLYZ,0.18,-2.60,"15,276","83,776",11
qb,DTRM,0.17,-3.41,"15,274","92,807",12
qb,NSFDF,0.3261,-14.18,"14,972","44,700",6
qx,PRPCF,0.17,+5.54,"14,878","92,850",26
qb,OHGI,0.05,+9.47,"14,842","304,395",93
qb,NWYF,29.50,0.00,"14,622",496,3
qb,DPWW,0.0383,+14.33,"14,612","458,565",33
qb,YNVYF,0.2891,+6.09,"14,608","51,682",18
qx,MNTR,0.405,-3.57,"14,536","37,393",46
qx,HKHHY,51.40,0.00,"14,459",283,11
qb,FTMR,1.85,-3.14,"14,409","7,589",20
qx,CORVF,1.25,+5.04,"14,266","11,545",11
qb,TVMD,0.069,0.00,"14,230","180,897",30
qb,LXXGF,0.50,+6.47,"14,226","28,745",16
qb,SOCGP,28.23,-0.42,"14,115",500,2
qx,HRST,15.44,-9.26,"14,105",897,10
qb,SAYFF,0.233,-2.51,"13,931","60,258",30
qb,EEVVF,0.3127,+3.61,"13,898","44,595",20
qb,WARM,0.0479,+24.42,"13,852","304,085",16
qb,MGMLF,0.0659,+4.39,"13,686","217,800",20
qx,OSBK,34.05,-10.39,"13,620",400,1
qx,MNBP,400.00,+0.25,"13,599",34,2
qb,MOBQ,0.14,+0.14,"13,588","103,208",20
qx,MACIF,1.86,-2.11,"13,585","7,370",19
qx,FVANF,0.3688,+6.50,"13,534","37,971",30
qx,BVBC,15.03,+1.01,"13,527",900,6
qb,TBPMF,0.503,+1.88,"13,509","27,201",14
qx,TREVF,0.2552,+2.49,"13,404","53,400",12
qb,CHKKF,0.3009,+4.30,"13,398","44,650",9
qb,NCPCF,0.035,-1.96,"13,331","372,209",10
qx,CALB,19.02,-1.19,"13,295",699,4
qb,GGTTF,0.4821,+0.44,"13,265","27,483",22
qb,FNMAG,18.57,-1.01,"12,987",700,2
qb,IOTC,0.43,-2.27,"12,923","28,872",14
qb,PVOTF,0.3002,-11.31,"12,835","42,464",37
qb,POWW,2.70,+3.45,"12,822","4,800",12
qx,DYLLF,0.26,-2.62,"12,809","47,820",9
qb,VTLR,0.19,+15.22,"12,662","79,660",25
qb,RVSDF,0.1211,+11.10,"12,641","115,615",10
qb,CCUR,3.28,-0.61,"12,589","3,839",9
qb,IPCIF,0.1821,-3.19,"12,409","66,206",35
qb,DIGP,0.165,+3.12,"12,336","74,800",23
qb,NOBDF,0.266,+5.98,"12,298","46,590",4
qx,ESYJY,14.45,-4.37,"12,127",832,11
qx,LZRFY,9.03,-0.22,"12,032","1,324",12
qb,CTGO,20.00,-18.37,"12,000",600,6
qb,CNNXF,0.1399,-0.07,"11,948","84,935",49
qb,SMOFF,0.1194,-5.61,"11,940","100,000",1
qx,NTTHF,0.60,+1.58,"11,892","19,700",12
qx,ISCO,1.19,+6.20,"11,851","9,910",15
qb,ACBM,5.25,+7.14,"11,682","2,400",18
qb,WINR,1.58,-1.25,"11,554","7,275",16
qb,FMCCN,16.50,-2.37,"11,550",700,2
qx,CBWA,15.225,+0.16,"11,419",750,1
qb,AFTM,0.018,+20.00,"11,355","634,570",26
qb,FNHI,0.095,-13.64,"11,350","113,402",12
qb,AITA,2.30,+10.05,"11,273","5,100",12
qx,AVLIF,0.36,+6.35,"11,142","31,079",23
qb,USRM,0.0215,-4.44,"11,027","493,242",21
qx,VRNDF,1.14,+1.72,"10,972","9,602",13
qb,GVXXF,0.1361,+5.00,"10,955","81,347",16
qb,HMMR,0.48,-1.03,"10,921","22,435",10
qb,VKIN,0.18,+9.09,"10,854","60,300",1
qb,MYHI,0.017,-10.53,"10,840","625,434",45
qb,BNET,0.80,+4.59,"10,819","14,158",16
qb,BBSRF,0.76925,+2.77,"10,806","13,987",4
qb,REPCF,0.2534,-2.91,"10,162","40,619",11
qb,BSTG,2.30,+4.55,"10,134","4,503",10
qx,VABK,38.86,0.00,"10,104",260,1
qb,SVBL,0.0804,-3.77,"9,911","119,460",17
qx,WMLLF,0.2977,-1.03,"9,815","33,100",13
qx,CTEQF,0.22,0.00,"9,767","44,150",11
qx,CFST,25.00,+0.93,"9,758",390,2
qb,NHEL,0.1799,+2.80,"9,617","53,710",5
qb,WINRW,0.32,0.00,"9,610","30,000",5
qx,ECSIF,0.244,-1.21,"9,592","39,336",19
qx,AXNVF,0.65164,-2.77,"9,568","14,919",12
qb,INFT,8.50,-5.56,"9,565","1,100",5
qx,FMCB,788.00,+2.34,"9,456",12,2
qb,LEMIF,0.0861,+3.24,"9,453","114,433",13
qb,HYHDF,0.20,0.00,"9,439","46,000",9
qx,EXMGF,0.707555,+2.54,"9,395","13,500",4
qx,YTROF,0.14,-15.15,"9,359","64,700",11
qb,ICNAF,0.24505,+2.10,"9,295","38,397",29
qx,PMULF,6.60,+2.48,"9,183","1,400",5
qb,BLGO,0.1611,-5.24,"9,007","52,817",13
qx,ANXGF,0.2534,-0.24,"8,980","35,500",7
qx,ACNNF,0.252,-1.48,"8,939","34,350",17
qb,CRRVF,0.188,+2.23,"8,900","47,203",15
qb,AERO,1.67,+0.30,"8,861","5,344",24
qx,HCBC,44.00,+1.15,"8,800",200,1
qx,NTSFF,0.4499,-1.11,"8,767","20,400",9
qb,RPMT,0.19,+2.76,"8,548","45,600",15
qx,CBKM,18.95,-0.79,"8,528",450,1
qb,CBDY,0.132,-2.22,"8,498","64,810",8
qb,MMSDF,0.063347,-8.72,"8,417","129,504",9
qb,WDDD,0.254,-0.39,"8,288","34,435",7
qb,ANVV,4.50,+4.65,"8,173","1,870",13
qb,JMDA,0.1425,+1.79,"8,103","57,750",2
qx,HGTXU,0.5385,+5.59,"8,096","15,453",14
qx,ALVOF,0.365,0.00,"8,030","22,000",1
qx,JWCAF,0.72,+2.86,"7,946","11,200",13
qx,CBKC,0.2702,-1.92,"7,936","27,885",13
qb,IPATF,0.5765,+1.21,"7,904","13,760",8
qb,MDVX,0.50,0.00,"7,832","16,368",5
qb,TNTY,0.078,-3.70,"7,832","122,064",13
qb,PRLX,0.061,-6.15,"7,828","127,300",4
qb,SXNTF,0.0349,+16.33,"7,765","250,000",5
qb,WCUI,0.04,-20.00,"7,575","198,852",7
qb,BABB,0.82,+7.88,"7,429","9,125",8
qx,IDTY,0.148,+5.71,"7,367","50,500",4
qx,ROSYY,6.65,+2.47,"7,341","1,099",2
qb,SBSAA,0.1671,-16.87,"7,238","25,940",8
qb,HSSHF,0.02,-8.26,"7,117","348,148",17
qb,CCWOF,0.2513,+3.42,"7,111","28,116",8
qb,AQARF,0.13,-7.14,"7,030","50,637",49
qx,FNBT,28.05,-0.53,"7,013",250,2
qx,KTHN,17.95,0.00,"7,001",390,2
qb,NEPH,0.57995,-3.34,"6,908","12,020",7
qb,LXGTD,0.27604,-6.99,"6,865","27,108",21
qx,MLNLF,1.19,-4.80,"6,852","5,700",9
qb,LXGTD,0.27604,-6.99,"6,865","27,108",21
qx,MLNLF,1.19,-4.80,"6,852","5,700",9
qb,ARTNB,33.30,-0.75,"6,731",200,2
qb,DTGI,0.20,0.00,"6,718","33,616",11
qb,SSFT,0.21,+5.85,"6,659","32,533",18
qb,GNAL,0.25,+6.38,"6,606","28,235",13
qb,PEYE,1.45,+3.57,"6,593","4,550",4
qx,ASCJF,4.01,-0.99,"6,568","1,638",8
qx,ASMIY,67.805,0.00,"6,548",98,6
qb,STMH,1.80,0.00,"6,517","3,565",15
qb,PLDGP,64.95,-0.08,"6,495",100,1
qx,WEYL,0.36,-5.26,"6,474","17,155",16
qb,TEAR,0.0816,-6.74,"6,408","73,781",8
qx,EMPK,12.80,+0.79,"6,400",500,1
qx,AMAZ,0.205,-12.02,"6,351","30,685",13
qx,LMGDF,0.4268,-0.74,"6,283","14,651",2
qb,GIGA,0.32,-12.09,"6,262","18,174",7
qb,ABNAF,0.1697,+0.30,"6,175","37,500",11
qb,PYRNF,0.5384,+1.36,"6,109","11,248",7
qb,CECBF,0.08255,-2.53,"6,097","72,936",22
qb,ASCK,0.0057,-17.39,"6,069","989,884",13
qx,ROMJF,2.3058,+2.94,"6,021","2,641",7
qx,HLND,6.50,0.00,"5,850",900,2
qb,AGGHF,0.4286,+22.46,"5,849","13,600",7
qb,ELYGF,0.1414,-1.12,"5,841","40,531",11
qx,TATYY,40.10,0.00,"5,812",142,6
qx,HUTMF,1.1217,+3.08,"5,781","5,045",25
qb,QPAG,0.0101,-9.82,"5,746","541,509",11
qb,BUKS,0.40,0.00,"5,720","14,400",4
qb,FCHS,0.30,+5.26,"5,713","20,000",6
qb,GSRX,1.39,+6.92,"5,653","4,214",11
qx,NULGF,0.0782,+5.25,"5,591","77,115",12
qb,SYTE,6.30,+0.80,"5,555",880,2
qb,KRKNF,0.5335,+6.23,"5,516","10,503",15
qx,MGWFF,0.1115,-3.04,"5,490","47,796",13
qb,NANX,0.52505,-15.99,"5,454","12,000",5
qx,TFECY,0.26,-10.34,"5,452","21,080",8
qb,BGAVF,0.0673,-9.05,"5,435","77,715",5
qb,HLYK,0.21,0.00,"5,423","25,600",19
qx,BNPQF,53.71,+0.56,"5,371",100,1
qb,GRST,0.065,-2.99,"5,297","81,000",11
qx,OLNCF,0.7392,-0.11,"5,296","7,100",5
qx,ADVZF,0.674,+0.30,"5,239","8,000",3
qb,FNMAM,18.00,+1.12,"5,220",290,3
qb,NVOS,1.4015,-1.99,"5,186","3,700",7
qx,WSTRF,0.88,-6.91,"5,157","5,755",12
qb,GARWF,0.1885,-1.31,"5,099","27,000",5
qb,FREJP,17.00,+1.80,"5,090",300,3
qb,DPDW,0.90,+0.56,"5,076","5,700",6
qx,AUXXF,0.101,-1.52,"5,066","50,523",10
qb,HGBL,0.75,-1.32,"5,041","6,638",5
qx,TFIFF,32.47,-0.56,"5,039",155,3
qb,LEDIF,0.2995,+27.28,"4,989","16,884",9
qb,MRRMF,0.14,-9.27,"4,822","34,000",5
qb,FLUX,1.30,-18.75,"4,790","3,600",3
qb,ZENO,0.11805,-9.19,"4,790","40,933",9
qb,ABCE,0.014,-2.10,"4,776","357,222",15
qx,ARREF,0.6198,+3.30,"4,706","7,550",8
qb,ADGO,0.37,-5.37,"4,676","12,100",8
qx,LIHTF,0.1659,+0.30,"4,618","28,184",19
qb,TWOH,0.055,-8.18,"4,553","84,824",30
qb,ARHH,1.12882,+0.33,"4,523","4,030",3
qb,HGEN,1.146,-6.07,"4,498","3,762",11
qx,CCGGY,11.23,+0.90,"4,492",400,1
qb,ARFXF,0.195,+3.84,"4,442","23,639",20
qx,GPVRF,0.3838,-1.65,"4,420","11,500",3
qb,VLTC,0.845,0.00,"4,402","5,209",6
qx,AMPY,6.95,-0.71,"4,319",622,13
qb,WKULF,0.0719,+4.20,"4,311","61,229",25
qx,TYCB,37.90,+8.29,"4,280",114,2
qb,GAXY,2.05,+3.02,"4,257","2,100",8
qb,BIEI,0.0255,-27.14,"4,244","150,631",20
qb,GPHBF,0.0576,+15.20,"4,214","70,380",12
qb,OVTZ,0.0788,+3.55,"4,161","53,300",12
qb,BOXS,0.032,-20.99,"4,156","143,901",14
qb,MKSEF,0.058,+16.00,"4,126","71,100",3
qb,ACFN,0.295,+0.85,"4,106","13,808",11
qb,QMCI,0.17,0.00,"4,068","25,400",2
qx,GQMNF,0.0175,-1.41,"4,050","224,642",66
qb,RASFP,0.95,-12.84,"4,033","4,060",4
qb,NVDEF,0.21,0.00,"4,023","18,899",7
qx,ARESF,7.8459,+0.46,"3,964",505,5
qx,NXOPF,0.3698,-3.31,"3,957","10,682",8
qb,INVU,0.03,0.00,"3,945","134,253",7
qb,NXEN,0.079,-11.04,"3,941","49,688",10
qb,IVDN,0.075,+15.38,"3,932","52,400",4
qb,TMRC,0.22,+8.37,"3,931","18,450",8
qb,DLYT,0.0035,-18.60,"3,921","978,183",20
qb,CRVW,0.012,0.00,"3,914","291,100",18
qx,CXDO,3.53,+3.82,"3,856","1,100",7
qb,FTXP,0.20,+5.21,"3,853","19,700",6
qx,TAOIF,0.2599,-5.04,"3,845","14,850",7
qb,CTDT,0.152,-1.94,"3,845","25,000",5
qb,DGNOD,0.2797,+16.84,"3,836","14,149",7
qx,SABK,12.50,0.00,"3,750",300,1
qb,TLTFF,0.35017,+1.79,"3,716","10,678",4
qb,ACLZ,0.068,+7.94,"3,712","53,115",5
qb,NIDB,37.00,0.00,"3,700",100,1
qb,MEEC,0.25,-3.85,"3,638","15,100",3
qb,SRAFF,0.06848,+5.35,"3,612","51,750",2
qx,BLEVF,0.072,-0.62,"3,612","50,645",15
qb,FNMAO,18.00,0.00,"3,600",200,1
qb,TPTW,0.0961,+47.85,"3,589","38,400",8
qb,RSLS,0.10,+4.17,"3,489","35,322",30
qb,PURE,0.445,+2.30,"3,450","7,685",7
qb,PFLC,11.35,+0.44,"3,405",300,3
qx,EANRF,0.0765,-5.20,"3,403","43,600",6
qx,UURAF,0.092,-1.18,"3,402","37,190",8
qb,BTLN,0.24,+9.09,"3,402","15,300",5
qb,TIGCF,0.256307,-1.38,"3,377","13,000",4
qb,FBTT,33.75,-0.30,"3,375",100,1
qb,WTNW,0.33,0.00,"3,373","10,220",3
qb,DTHR,2.39,0.00,"3,328","1,623",5
qx,NGPHF,0.11265,+1.85,"3,311","29,515",8
qb,IVFH,0.57,-1.72,"3,303","5,985",7
qb,MSLP,0.69,0.00,"3,218","4,998",10
qb,UGHL,0.70,+39.28,"3,215","5,700",11
qb,ATBHF,0.0399,+27.07,"3,192","80,000",1
qb,ATEA,6.25,0.00,"3,184",510,3
qb,XTGRF,0.245,-7.20,"3,177","11,801",4
qb,SYSX,0.0236,+23.56,"3,102","149,726",21
qx,SMID,8.70,+0.58,"3,040",350,2
qb,CHHE,1.00,0.00,"3,000","3,000",1
qb,AGCBF,0.167,-5.86,"2,981","17,890",3
qx,OYIEF,7.45,+0.13,"2,980",400,1
qb,TAKOF,0.975,+4.39,"2,972","3,100",7
qx,WLMS,2.255,-0.66,"2,937","1,300",3
qx,NUPMF,1.67,-0.60,"2,936","1,700",6
qb,BEBE,5.90,0.00,"2,930",500,2
qx,BRGGF,0.32772,-0.69,"2,908","8,565",8
qx,SIAF,0.18,+11.46,"2,903","16,599",7
qb,PCRCF,0.17,-0.72,"2,865","16,354",11
qb,RNSGF,0.139,-2.66,"2,850","20,500",4
qb,SKAS,3.05,+0.33,"2,829",919,7
qb,AMHPF,0.5712,+5.78,"2,821","5,000",5
qb,CCGN,3.47,0.00,"2,772",800,5
qb,AZZUF,0.16448,-3.81,"2,750","17,080",7
qb,CTDH,0.60,+3.45,"2,720","4,500",2
qx,PRFMF,0.6834,+2.00,"2,712","3,929",6
qb,BKLLF,0.03404,+16.98,"2,691","87,234",13
qb,ZMTP,1.09,-7.63,"2,644","2,418",5
qb,GRYN,0.6975,-3.12,"2,643","3,793",9
qb,RVLGF,0.37,0.00,"2,596","7,100",4
qb,LRTTF,0.07785,+1.50,"2,573","32,001",13
qb,ACUR,0.24,+29.80,"2,566","10,908",10
qb,RYES,0.06,+4.72,"2,551","44,514",8
qb,NUVR,18.88,-0.63,"2,549",135,1
qb,RSSV,0.239,+1.27,"2,540","12,070",10
qx,STBI,25.30,+0.20,"2,530",100,1
qb,TECR,0.20,0.00,"2,466","11,698",9
qb,ILAL,5.00,+5.26,"2,425",500,3
qb,TLOOF,0.0246,-6.96,"2,373","93,331",6
qx,SYATF,0.3283,+0.71,"2,369","7,100",6
qx,PSBQ,23.59,0.00,"2,351",100,2
qx,ZDPY,0.35,-2.78,"2,313","6,514",5
qb,JETMF,0.3372,+2.55,"2,294","6,874",7
qx,CNAF,22.86,+5.10,"2,286",100,1
qx,CGTFF,0.13,+7.35,"2,282","17,664",8
qb,INNV,3.075,-1.44,"2,279",730,5
qb,NTRR,0.011,-18.52,"2,272","170,562",18
qb,REEMF,0.1045,+10.00,"2,269","23,011",18
qb,ANFC,0.0336,-9.19,"2,265","60,878",8
qb,GLVMF,0.251,+4.71,"2,259","9,000",1
qb,FCSMF,0.026,-13.04,"2,200","75,707",8
qb,EGTYF,0.11,+0.36,"2,181","19,300",12
qb,RYMDF,0.1431,-2.65,"2,178","15,000",10
qb,JPOTF,0.10516,+0.54,"2,121","20,175",2
qx,BONXF,1.2412,+0.10,"2,109","1,700",2
qx,SSPXF,0.12245,-2.83,"2,068","16,962",16
qb,FMCCP,17.61,0.00,"2,025",115,1
qb,BEWFF,0.16,+3.91,"2,000","12,500",1
qb,CVAT,0.022,0.00,"1,970","90,000",5
qb,CIIT,3.00,0.00,"1,964",656,5
qx,TIXC,0.4285,-0.33,"1,953","4,559",4
qb,EXDI,0.85,0.00,"1,938","2,200",2
qb,RRIF,5.50,0.00,"1,915",349,5
qb,CUEN,2.25,-18.18,"1,913",900,4
qb,FPPP,0.074,0.00,"1,907","25,772",4
qb,OWRDF,0.15,+4.68,"1,890","13,074",5
qx,RSHYY,0.800225,+3.09,"1,890","2,357",2
qb,RZLT,0.179,0.00,"1,876","10,425",6
qb,BLONF,0.3444,+8.64,"1,866","5,749",5
qb,GLGI,0.595,+0.85,"1,860","3,149",2
qb,RHNO,1.00,+1.52,"1,842","1,842",3
qx,AAUKF,26.13,0.00,"1,831",70,2
qb,SMKC,0.90,-10.00,"1,805","2,000",2
qb,MCLDF,0.282936,+1.05,"1,788","6,427",9
qx,FACO,1.20,0.00,"1,785","1,500",3
qb,DTST,0.164,+18.84,"1,760","12,516",11
qb,WCTXF,0.0745,-0.67,"1,753","23,799",8
qb,FMCCK,17.50,+1.16,"1,750",100,1
qb,FTMDF,0.079,-0.13,"1,746","23,000",6
qb,TSSI,0.90,0.00,"1,729","2,028",6
qb,KERMF,0.121,+3.33,"1,712","14,650",9
qx,ISENF,0.3558,+3.10,"1,650","4,665",3
qx,GRRB,16.50,0.00,"1,650",100,1
qb,VCBD,1.085,+2.36,"1,642","1,546",8
qb,ADMT,0.1622,-0.06,"1,616","10,800",9
qb,UGEIF,0.075,-13.79,"1,609","21,402",4
qb,DGLF,6.595,-9.03,"1,606",254,7
qb,PFHO,5.35,0.00,"1,605",300,1
qx,LVCLY,0.32,+3.23,"1,600","5,000",1
qb,BRTI,0.211956,+7.35,"1,520","7,738",4
qb,CLWD,0.0176,+3.53,"1,517","113,550",7
qb,MKRS,0.30,0.00,"1,500","5,000",2
qb,PGTK,3.30,-7.56,"1,495",450,4
qx,FLYLF,1.108,-1.07,"1,491","1,350",5
qx,PFSCF,0.042375,+17.71,"1,484","35,625",9
qb,WLDFF,0.52,0.00,"1,446","2,745",5
qb,CYDVF,0.1779,+2.83,"1,424","8,000",3
qb,HDRSF,0.045,+12.50,"1,405","32,587",4
qb,BICX,5.25,+1.94,"1,394",268,5
qx,EQFN,11.52,+0.17,"1,382",120,1
qb,ETHOF,0.11,+7.63,"1,356","12,375",10
qb,CDXI,0.17,-2.86,"1,350","7,942",1
qb,DMGGF,0.16,+28.00,"1,348","8,450",4
qx,TOMZ,0.141,0.00,"1,346","9,545",1
qb,FNNGF,0.0091,-4.21,"1,344","152,500",9
qx,MXCYY,9.20,0.00,"1,343",146,1
qb,AHGIF,0.312,-1.86,"1,342","4,300",8
qb,RGRX,0.19,0.00,"1,340","7,100",4
qb,DMIFF,0.14,+39.17,"1,331","10,000",2
qx,SOLVY,12.05,+0.67,"1,326",110,2
qb,CDTAF,0.054,+3.25,"1,313","23,357",7
qx,RCKXF,6.47,-1.07,"1,293",200,2
qb,NORZF,0.0802,-4.62,"1,281","15,778",4
qb,ALGWF,0.050508,+7.30,"1,274","21,332",11
qb,RASF,1.05,+23.53,"1,266","1,399",30
qb,GLXZ,1.61,0.00,"1,255",780,3
qb,TOKIF,0.1248,+12.33,"1,248","10,000",1
qb,BBBXF,0.096,+4.35,"1,231","13,000",2
qx,MLRKF,0.064,+4.92,"1,223","19,599",9
qb,FNMAI,9.75,-1.52,"1,219",125,1
qb,WNDM,0.05,+11.23,"1,214","28,295",5
qb,SSNYY,0.07304,-14.82,"1,209","15,101",8
qx,MIMZF,0.272,+6.67,"1,207","4,500",2
qb,SICNF,0.0586,-4.72,"1,187","19,000",3
qb,NUZE,9.85,+20.12,"1,185",120,2
qx,TRBMF,0.2954,-0.47,"1,182","4,000",2
qb,NRGOF,0.09,+8.70,"1,162","13,300",3
qb,GLAE,0.2703,+7.18,"1,160","4,292",8
qb,SMME,0.0747,+6.71,"1,158","19,050",4
qb,LIBFF,0.110936,-8.17,"1,158","10,333",3
qb,ORONF,0.12,0.00,"1,155","10,000",2
qx,EPGNF,2.28,-2.15,"1,140",500,1
qb,PRVCF,0.045,+5.14,"1,138","24,500",6
qb,MDNAF,0.561,+4.24,"1,118","2,000",2
qx,BDCO,1.11,+9.90,"1,110","1,000",2
qb,ANLDF,0.158016,+1.61,"1,106","7,000",1
qb,AMNL,0.0399,0.00,"1,104","31,271",7
qb,BIOIF,0.40,+2.93,"1,101","2,887",12
qb,BTHE,0.025,+8.70,"1,085","43,080",4
qb,BEAG,0.7802,-8.21,"1,059","1,320",5
qb,APPB,1.29,+4.88,"1,053",862,5
qb,ENRT,0.016,-12.09,"1,031","68,750",5
qb,RASFN,1.02,0.00,"1,020","1,000",2
qb,CAPC,0.17,-4.23,"1,018","6,000",4
qb,CGNSF,0.2699,-3.61,"1,014","3,625",7
qb,ASNB,0.14,0.00,993,"7,205",5
qb,BKUCF,0.1405,+0.21,984,"7,000",4
qx,MTENY,0.262,-6.43,962,"3,500",2
qb,GMVP,0.0274,+16.60,942,"34,339",8
qb,HPTO,0.34,0.00,937,"3,138",3
qb,MYMX,0.038,0.00,924,"24,606",6
qx,KGFHF,3.3799,0.00,923,273,1
qx,PBAM,23.45,0.00,915,39,1
qb,GLTC,0.1588,+0.83,911,"6,000",6
qb,MWXRF,0.07714,+2.31,910,"12,608",7
qb,SEOVF,0.15,-7.06,907,"6,000",2
qb,MMMM,0.18,0.00,900,"5,000",1
qb,ULNV,4.49,-1.97,898,200,1
qb,TKLS,0.90,-17.43,889,938,4
qb,BLILF,0.14908,-2.94,888,"5,800",8
qb,AQSZF,0.1287,-3.50,874,"6,900",5
qx,CYBNY,1.73,-18.78,865,500,1
qb,VRSSF,0.16,0.00,864,"5,100",3
qb,STNN,0.76,-6.17,842,"1,100",2
qb,AGHC,0.2524,-1.02,821,"3,225",5
qb,RVIV,0.77,+2.67,812,"1,120",2
qb,VICA,0.172,+31.30,808,"5,275",4
qb,VRCP,0.04,+16.96,802,"20,793",4
qb,LFCOF,0.2664,-1.70,796,"3,000",3
qb,TUMIF,0.39549,+27.56,791,"2,000",1
qb,TAPM,0.0363,-2.21,777,"20,800",6
qb,COSM,2.50,+0.40,769,310,5
qx,TSRMF,0.2013,+3.51,764,"3,632",3
qb,EACO,16.79,0.00,722,43,1
qx,YZCAY,10.723,0.00,718,67,4
qb,WDLF,0.14,+17.65,710,"5,100",2
qb,BSPK,0.057,-1.72,706,"12,383",9
qb,GGXXF,0.069,+4.86,690,"10,000",1
qb,PTOI,0.0248,+37.78,674,"30,750",3
qb,MMJFF,0.067,-1.54,670,"10,000",1
qb,MFMLF,0.0878,+0.57,669,"8,200",4
qx,MGDPF,0.607,+3.58,668,"1,100",3
qb,AMPG,0.05,0.00,664,"14,270",4
qb,BTHCF,0.173,-9.57,660,"3,800",4
qb,ALXDF,0.03,0.00,652,"23,000",5
qb,SCIA,3.25,+1.56,650,200,1
qb,XXMMF,0.3765,+0.86,640,"1,700",2
qx,FLSS,2.76,-8.00,621,225,1
qb,LFGP,20.55,0.00,617,30,1
qb,GSPH,0.02,+20.48,612,"36,761",2
qb,MMMB,0.61,+0.83,610,"1,000",2
qb,SCOO,6.01,-1.48,601,100,1
qb,ONDS,6.00,0.00,600,100,1
qb,LTUM,0.1029,-5.42,574,"5,270",9
qb,AMTY,0.0294,+0.34,571,"22,000",3
qb,GRTD,0.0455,-9.00,567,"11,483",2
qb,COFE,0.70,-2.75,563,807,7
qb,DRNE,1.15,+0.88,563,500,5
qb,QTRRF,0.0483,-3.40,561,"11,550",2
qx,SKREF,0.35,0.00,552,"1,577",2
qb,LEAT,2.20,-2.22,550,250,1
qx,BNOEF,0.09,-5.26,549,"6,100",2
qb,BMTM,1.99,-0.50,544,274,2
qb,MGCLF,0.03096,+3.20,527,"16,100",4
qb,INLX,0.1298,+15.89,519,"4,000",1
qb,NGENF,1.277,+2.16,518,400,2
qb,NBIO,0.19472,+29.81,511,"2,645",2
qb,ACHFF,0.9571,-4.29,503,526,2
qb,SENR,0.10,0.00,500,"5,000",1
qb,GWTI,0.05,0.00,500,"10,000",1
qb,FVTI,2.60,0.00,499,192,1
qb,BEGI,0.40,+5.26,477,"1,200",2
qb,LMRMF,0.035,+11.11,476,"12,050",3
qb,IMEXF,0.05891,-1.82,474,"7,850",4
qb,RVVTF,0.0881,-3.40,474,"5,225",3
qb,PLUUF,0.416863,+4.22,471,"1,130",1
qx,BALMF,0.0763,-4.62,458,"6,001",2
qb,WGMCF,0.0298,-0.67,450,"16,585",2
qx,NTGSF,0.15,0.00,448,"2,989",4
qb,ACCA,0.055796,-3.30,439,"7,748",5
qx,SLSDF,0.0682,+0.44,426,"7,000",3
qb,MTLFF,0.35568,+2.11,421,"1,185",2
qb,RGDCF,0.042,-8.89,420,"10,000",1
qb,DXIEF,0.032,-1.84,420,"14,300",5
qb,MHTX,0.015,0.00,416,"27,613",5
qb,ICTV,0.03,-27.81,415,"11,500",4
qx,ENZN,0.23475,-1.98,407,"1,747",3
qb,KPIFF,0.07355,0.00,402,"5,510",3
qb,GPHOF,0.2462,-0.57,395,"1,633",5
qb,BCDA,1.10,+4.76,385,350,3
qb,GIGL,0.01894,+15.49,378,"23,500",2
qb,IINX,1.88,-0.53,376,200,2
qb,NRXCF,0.0714,+4.23,357,"5,000",1
qx,HEOFF,0.6751,-2.99,355,526,2
qb,GLYXF,0.115,-5.74,355,"3,000",3
qx,HRSTW,1.28,-14.09,353,276,12
qb,HSCHF,0.05,0.00,350,"7,000",3
qb,LTMCF,0.4045,+3.27,348,860,4
qb,GTMAY,1.7275,-3.49,346,200,1
qb,CYIG,0.561,-6.50,345,615,2
qx,STWRY,9.30,0.00,344,37,1
qb,MFON,0.85,+6.25,333,400,3
qb,RGUS,0.078,0.00,330,"5,300",5
qb,BIOAF,0.22,+10.00,330,"1,500",1
qb,CRCUF,0.042,+2.44,328,"7,800",1
qb,FLURF,0.27805,-2.13,326,"1,132",4
qb,ATRX,0.28,0.00,325,"1,161",4
qb,ALPP,0.044845,-16.95,317,"7,700",2
qx,MMRGF,0.2881,+2.16,317,"1,100",2
qx,BLLCF,0.35,+12.90,315,900,1
qb,FSNR,0.0318,+6.00,312,"9,797",1
qb,TOMDF,0.22,0.00,308,"1,400",1
qb,ALTD,0.053,-13.11,307,"5,800",1
qb,IOGIF,0.6065,+7.46,302,500,2
qb,IMII,0.3236,0.00,301,930,1
qb,BLXX,0.15,-6.25,300,"2,000",1
qb,VNNYF,0.0848,-4.18,300,"4,000",2
qb,VPTDF,0.07325,+4.05,293,"4,000",1
qx,CLHRF,0.291,+3.02,291,"1,000",1
qb,AHELF,0.05794,+2.01,290,"5,000",1
qb,RGNP,0.0174,-0.57,287,"21,000",3
qx,RIOFF,0.2871,-3.98,287,"1,000",1
qb,CVLB,0.151,+0.67,279,"1,790",2
qb,ARTTF,0.02905,-3.17,276,"9,500",1
qb,STKXF,0.0911,-3.09,273,"3,000",1
qb,SGSI,0.14688,-3.69,264,"1,800",1
qb,FUAPF,0.0519,-6.78,264,"4,960",6
qb,AMCT,0.31,+3.33,263,500,5
qb,ECTX,0.249,0.00,256,"1,030",1
qb,BIDCF,0.15,-0.86,256,"1,716",4
qb,NXXGF,0.08,+0.15,240,"3,000",1
qb,VCSY,0.0109,-0.91,231,"21,686",9
qx,FSNUF,57.48,0.00,230,4,1
qb,CPWR,0.0449,+1.81,225,"5,000",1
qb,AXREF,0.04446,+23.50,220,"5,000",3
qb,AEGG,0.035,0.00,210,"5,840",2
qb,AVLNF,0.0345,-4.33,203,"5,697",8
qb,NRIS,0.078552,-12.72,201,"2,500",2
qb,GMER,0.007135,-12.99,201,"25,010",3
qb,STWC,1.00,-16.67,198,210,3
qb,LVCNF,0.21785,+8.93,196,900,2
qb,VINO,0.35,+40.00,189,540,1
qx,OPSSF,0.691988,-0.12,180,260,1
qb,NSPDF,0.078,-6.70,177,"2,275",4
qb,MDFZF,0.016,0.00,176,"11,000",1
qb,LGGCF,0.074,+1.65,171,"2,200",4
qx,MGHCF,0.08466,+13.64,170,"2,050",3
qb,KWBT,0.85,0.00,161,189,1
qx,TFECF,0.0222,-17.78,155,"7,000",1
qb,SDEV,0.15,0.00,149,"1,000",2
qb,AVCRF,0.045,-27.42,147,"2,750",3
qx,EFLVF,0.1465,+0.34,147,"1,000",1
qb,RSSFF,0.029,-10.49,139,"4,800",1
qb,APAAF,0.23,-1.41,138,600,1
qb,NAUH,0.062,0.00,136,"2,200",3
qb,FNNZF,0.104352,-2.47,128,"1,250",2
qb,MNDJF,0.0795,-0.13,127,"1,600",2
qb,CYBXF,0.012,-6.40,120,"10,000",1
qb,IPNFF,0.0478,+47.53,120,"2,500",1
qb,NTRU,0.075,0.00,118,"1,583",2
qb,LVBX,0.038,+2.70,114,"3,000",1
qx,EMGC,0.10,+1.01,111,"1,110",1
qb,PCQRF,0.054,0.00,108,"2,000",2
qb,BMNM,1.52,0.00,106,70,1
qb,PRZFF,0.0209,-6.70,103,"4,940",1
qb,JGLDF,0.188,+4.27,102,544,2
qb,BKPPF,0.076,-6.17,95,"1,225",3
qb,GLKIF,0.031,-11.43,93,"3,000",1
qb,DTRC,0.0489,+6.77,91,"2,205",6
qb,LIVC,0.06,0.00,90,"1,500",1
qb,AMSLF,0.01785,+0.85,89,"5,000",2
qx,BFFAF,81.99,0.00,82,1,1
qx,GPDNF,81.00,0.00,81,1,1
qb,NSRCF,0.0795,+0.24,80,"1,000",1
qb,PETV,0.40,+14.29,80,200,2
qb,EQUR,0.10,0.00,78,631,2
qx,CFNB,15.50,0.00,78,5,1
qb,PMCCF,0.0756,+8.80,76,"1,000",1
qb,GTXO,0.016,+6.67,72,"5,111",2
qb,PWVI,0.10776,-2.04,70,700,2
qb,SKVI,0.26,0.00,68,260,1
qb,RYPPF,0.0439,-10.59,66,"1,700",2
qb,HPPI,0.06693,+11.36,66,"1,000",2
qb,GBBGF,0.1285,+9.83,64,500,1
qx,OMCM,0.318,-0.62,64,200,1
qb,SKKY,0.28,0.00,63,300,3
qb,PGOL,0.0769,+16.94,62,800,1
qb,GWSN,0.10,-9.09,60,600,1
qb,FDMSF,0.0645,-10.17,52,800,1
qb,SPOWF,0.0155,0.00,50,"2,980",6
qb,AIXN,0.50,0.00,50,100,1
qb,FKWL,2.21,0.00,48,19,3
qb,NBGV,0.4502,-4.25,45,100,1
qx,CNIG,22.00,0.00,44,2,2
qx,TRCK,0.55,0.00,41,75,1
qb,KUTG,2.0499,0.00,41,20,1
qx,CYSM,12.46,0.00,37,3,1
qb,ENCR,0.081,+1.25,36,440,2
qx,GUKYF,3.10,0.00,34,11,1
qx,TMIAF,0.0269,-6.47,34,"1,248",1
qb,AFOM,0.0229,+4.09,33,"1,450",1
qx,CCNB,7.86,0.00,31,4,2
qb,MMND,1.34,0.00,31,24,2
qb,KNRLF,0.586,0.00,29,50,2
qb,BERK,13.1001,0.00,26,2,2
qb,ZLDAF,0.031,-0.64,25,818,1
qb,ABVN,0.2502,0.00,23,93,1
qx,IFNNF,23.15,0.00,23,1,1
qx,NOBH,21.40,0.00,21,1,1
